"","DinEstFE","S2_S3_p","Areas","DinamicaG","Dinamica","EstratoFE","Estrato","n","FE","U","AreasAnualizada","EmisAbs","U_DA","U_FE_DA","Ui2_Ai2"
"1","OU-PRAD -- EOTnL/P","OT - EOTnL/P",176,"RECUPERACION PRADERA","OU-PRAD","EOTnL/P","EOTnL/P",0,NA,NA,176,NA,0,NA,NA
"2","OU-PRAD -- EOTnL/P","AGR_AN - EOTnL/P",40,"RECUPERACION PRADERA","OU-PRAD","EOTnL/P","EOTnL/P",0,NA,NA,40,NA,0,NA,NA
"3","OU-PRAD -- MXnL/P","OT - MXnL/P",6578,"RECUPERACION PRADERA","OU-PRAD","MXnL/P","MXnL/P",41,-0.13,0,6578,-855.14,0,0,0
"4","OU-PRAD -- MXnL/P","ACUI - MXnL/P",19,"RECUPERACION PRADERA","OU-PRAD","MXnL/P","MXnL/P",41,-0.13,0,19,-2.47,0,0,0
"5","OU-PRAD -- MXnL/P","AH - MXnL/P",14,"RECUPERACION PRADERA","OU-PRAD","MXnL/P","MXnL/P",41,-0.13,0,14,-1.82,0,0,0
"6","OU-PRAD -- MXnL/P","AGR_PER - MXnL/P",42,"RECUPERACION PRADERA","OU-PRAD","MXnL/P","MXnL/P",41,-0.13,0,42,-5.46,0,0,0
"7","OU-PRAD -- MXnL/P","AGR_AN - MXnL/P",258347,"RECUPERACION PRADERA","OU-PRAD","MXnL/P","MXnL/P",41,-0.13,0,258347,-33585.11,0,0,0
"8","OU-PRAD -- MXnL/S","OT - MXnL/S",9112,"RECUPERACION PRADERA","OU-PRAD","MXnL/S","MXnL/S",4,-0.13,0,9112,-1184.56,0,0,0
"9","OU-PRAD -- MXnL/S","AGR_AN - MXnL/S",69800,"RECUPERACION PRADERA","OU-PRAD","MXnL/S","MXnL/S",4,-0.13,0,69800,-9074,0,0,0
"10","OU-PRAD -- MXnL/S","AGR_PER - MXnL/S",896,"RECUPERACION PRADERA","OU-PRAD","MXnL/S","MXnL/S",4,-0.13,0,896,-116.48,0,0,0
"11","OU-PRAD -- P","OT - P",3085,"RECUPERACION PRADERA","OU-PRAD","P","P",113,-0.3511,0,3085,-1083.1435,0,0,0
"12","OU-PRAD -- P","AGR_PER - P",17899,"RECUPERACION PRADERA","OU-PRAD","P","P",113,-0.3511,0,17899,-6284.3389,0,0,0
"13","OU-PRAD -- P","AGR_AN - P",185074,"RECUPERACION PRADERA","OU-PRAD","P","P",113,-0.3511,0,185074,-64979.4814,0,0,0
"14","OU-PRAD -- P","AH - P",2860,"RECUPERACION PRADERA","OU-PRAD","P","P",113,-0.3511,0,2860,-1004.146,0,0,0
"15","OU-PRAD -- VHnL/P","AGR_PER - VHnL/P",312,"RECUPERACION PRADERA","OU-PRAD","VHnL/P","VHnL/P",2,-0.17,0,312,-53.04,0,0,0
"16","OU-PRAD -- VHnL/P","OT - VHnL/P",716,"RECUPERACION PRADERA","OU-PRAD","VHnL/P","VHnL/P",2,-0.17,0,716,-121.72,0,0,0
"17","OU-PRAD -- VHnL/P","AGR_AN - VHnL/P",1296,"RECUPERACION PRADERA","OU-PRAD","VHnL/P","VHnL/P",2,-0.17,0,1296,-220.32,0,0,0
"18","OU-PRAD -- VHnL/P","ACUI - VHnL/P",370,"RECUPERACION PRADERA","OU-PRAD","VHnL/P","VHnL/P",2,-0.17,0,370,-62.9,0,0,0
"19","OU-PRAD -- VHnL/P","AH - VHnL/P",16,"RECUPERACION PRADERA","OU-PRAD","VHnL/P","VHnL/P",2,-0.17,0,16,-2.72,0,0,0
"20","OU-TF -- BC","OT - BC",86,"REFORESTACION","OU-TF","BC",NA,NA,NA,NA,86,NA,0,NA,NA
"21","OU-TF -- BC","AGR_AN - BC",563,"REFORESTACION","OU-TF","BC",NA,NA,NA,NA,563,NA,0,NA,NA
"22","OU-TF -- BC","P - BC",12910,"REFORESTACION","OU-TF","BC",NA,NA,NA,NA,12910,NA,0,NA,NA
"23","OU-TF -- BC","AGR_PER - BC",831,"REFORESTACION","OU-TF","BC",NA,NA,NA,NA,831,NA,0,NA,NA
"24","OU-TF -- BC ",NA,NA,NA,NA,NA,"BC ",3,NA,NA,NA,NA,0,NA,NA
"25","OU-TF -- BCO/P","AGR_PER - BCO/P",751,"REFORESTACION","OU-TF","BCO/P","BCO/P",1715,-0.62,0,751,-465.62,0,0,0
"26","OU-TF -- BCO/P","P - BCO/P",12035,"REFORESTACION","OU-TF","BCO/P","BCO/P",1715,-0.62,0,12035,-7461.7,0,0,0
"27","OU-TF -- BCO/P","AH - BCO/P",1,"REFORESTACION","OU-TF","BCO/P","BCO/P",1715,-0.62,0,1,-0.62,0,0,0
"28","OU-TF -- BCO/P","AGR_AN - BCO/P",12498,"REFORESTACION","OU-TF","BCO/P","BCO/P",1715,-0.62,0,12498,-7748.76,0,0,0
"29","OU-TF -- BCO/P","MXnL/P - BCO/P",668,"REFORESTACION","OU-TF","BCO/P","BCO/P",1715,-0.62,0,668,-414.16,0,0,0
"30","OU-TF -- BCO/S","AGR_PER - BCO/S",49,"REFORESTACION","OU-TF","BCO/S","BCO/S",384,-0.96,0,49,-47.04,0,0,0
"31","OU-TF -- BCO/S","MXnL/P - BCO/S",190,"REFORESTACION","OU-TF","BCO/S","BCO/S",384,-0.96,0,190,-182.4,0,0,0
"32","OU-TF -- BCO/S","P - BCO/S",7390,"REFORESTACION","OU-TF","BCO/S","BCO/S",384,-0.96,0,7390,-7094.4,0,0,0
"33","OU-TF -- BCO/S","AGR_AN - BCO/S",9521,"REFORESTACION","OU-TF","BCO/S","BCO/S",384,-0.96,0,9521,-9140.16,0,0,0
"34","OU-TF -- BE/P","AGR_AN - BE/P",9508,"REFORESTACION","OU-TF","BE/P","BE/P",1225,-0.68,0,9508,-6465.44,0,0,0
"35","OU-TF -- BE/P","AH - BE/P",120,"REFORESTACION","OU-TF","BE/P","BE/P",1225,-0.68,0,120,-81.6,0,0,0
"36","OU-TF -- BE/P","AGR_PER - BE/P",750,"REFORESTACION","OU-TF","BE/P","BE/P",1225,-0.68,0,750,-510,0,0,0
"37","OU-TF -- BE/P","MXnL/P - BE/P",1266,"REFORESTACION","OU-TF","BE/P","BE/P",1225,-0.68,0,1266,-860.88,0,0,0
"38","OU-TF -- BE/P","P - BE/P",14334,"REFORESTACION","OU-TF","BE/P","BE/P",1225,-0.68,0,14334,-9747.12,0,0,0
"39","OU-TF -- BE/P","OT - BE/P",24,"REFORESTACION","OU-TF","BE/P","BE/P",1225,-0.68,0,24,-16.32,0,0,0
"40","OU-TF -- BE/S","MXnL/P - BE/S",8,"REFORESTACION","OU-TF","BE/S","BE/S",488,-0.73,0,8,-5.84,0,0,0
"41","OU-TF -- BE/S","OT - BE/S",15,"REFORESTACION","OU-TF","BE/S","BE/S",488,-0.73,0,15,-10.95,0,0,0
"42","OU-TF -- BE/S","AGR_AN - BE/S",10726,"REFORESTACION","OU-TF","BE/S","BE/S",488,-0.73,0,10726,-7829.98,0,0,0
"43","OU-TF -- BE/S","AH - BE/S",70,"REFORESTACION","OU-TF","BE/S","BE/S",488,-0.73,0,70,-51.1,0,0,0
"44","OU-TF -- BE/S","P - BE/S",13834,"REFORESTACION","OU-TF","BE/S","BE/S",488,-0.73,0,13834,-10098.82,0,0,0
"45","OU-TF -- BM/P","AH - BM/P",14,"REFORESTACION","OU-TF","BM/P","BM/P",108,-0.55,0,14,-7.7,0,0,0
"46","OU-TF -- BM/P","AGR_PER - BM/P",1461,"REFORESTACION","OU-TF","BM/P","BM/P",108,-0.55,0,1461,-803.55,0,0,0
"47","OU-TF -- BM/P","AGR_AN - BM/P",1189,"REFORESTACION","OU-TF","BM/P","BM/P",108,-0.55,0,1189,-653.95,0,0,0
"48","OU-TF -- BM/P","P - BM/P",1734,"REFORESTACION","OU-TF","BM/P","BM/P",108,-0.55,0,1734,-953.7,0,0,0
"49","OU-TF -- BM/S","AGR_AN - BM/S",3194,"REFORESTACION","OU-TF","BM/S","BM/S",31,-0.85,0,3194,-2714.9,0,0,0
"50","OU-TF -- BM/S","P - BM/S",386,"REFORESTACION","OU-TF","BM/S","BM/S",31,-0.85,0,386,-328.1,0,0,0
"51","OU-TF -- BM/S","AGR_PER - BM/S",336,"REFORESTACION","OU-TF","BM/S","BM/S",31,-0.85,0,336,-285.6,0,0,0
"52","OU-TF -- EOTL/P","AGR_AN - EOTL/P",896,"REFORESTACION","OU-TF","EOTL/P","EOTL/P",3,-0.09,0,896,-80.64,0,0,0
"53","OU-TF -- EOTL/P","MXnL/S - EOTL/P",259,"REFORESTACION","OU-TF","EOTL/P","EOTL/P",3,-0.09,0,259,-23.31,0,0,0
"54","OU-TF -- EOTL/P","P - EOTL/P",1565,"REFORESTACION","OU-TF","EOTL/P","EOTL/P",3,-0.09,0,1565,-140.85,0,0,0
"55","OU-TF -- EOTL/P","VHnL/P - EOTL/P",10,"REFORESTACION","OU-TF","EOTL/P","EOTL/P",3,-0.09,0,10,-0.9,0,0,0
"56","OU-TF -- EOTL/S","MXnL/P - EOTL/S",2,"REFORESTACION","OU-TF","EOTL/S","EOTL/S",11,-0.09,0,2,-0.18,0,0,0
"57","OU-TF -- EOTL/S","VHnL/P - EOTL/S",5,"REFORESTACION","OU-TF","EOTL/S","EOTL/S",11,-0.09,0,5,-0.45,0,0,0
"58","OU-TF -- EOTL/S","AGR_AN - EOTL/S",503,"REFORESTACION","OU-TF","EOTL/S","EOTL/S",11,-0.09,0,503,-45.27,0,0,0
"59","OU-TF -- EOTL/S","P - EOTL/S",1483,"REFORESTACION","OU-TF","EOTL/S","EOTL/S",11,-0.09,0,1483,-133.47,0,0,0
"60","OU-TF -- MXL/P","OT - MXL/P",488,"REFORESTACION","OU-TF","MXL/P","MXL/P",258,-0.15,0,488,-73.2,0,0,0
"61","OU-TF -- MXL/P","MXnL/P - MXL/P",24057,"REFORESTACION","OU-TF","MXL/P","MXL/P",258,-0.15,0,24057,-3608.55,0,0,0
"62","OU-TF -- MXL/P","MXnL/S - MXL/P",923,"REFORESTACION","OU-TF","MXL/P","MXL/P",258,-0.15,0,923,-138.45,0,0,0
"63","OU-TF -- MXL/P","AGR_AN - MXL/P",10629,"REFORESTACION","OU-TF","MXL/P","MXL/P",258,-0.15,0,10629,-1594.35,0,0,0
"64","OU-TF -- MXL/P","P - MXL/P",26507,"REFORESTACION","OU-TF","MXL/P","MXL/P",258,-0.15,0,26507,-3976.05,0,0,0
"65","OU-TF -- MXL/P","AGR_PER - MXL/P",492,"REFORESTACION","OU-TF","MXL/P","MXL/P",258,-0.15,0,492,-73.8,0,0,0
"66","OU-TF -- MXL/P","VHnL/P - MXL/P",111,"REFORESTACION","OU-TF","MXL/P","MXL/P",258,-0.15,0,111,-16.65,0,0,0
"67","OU-TF -- MXL/P","AH - MXL/P",107,"REFORESTACION","OU-TF","MXL/P","MXL/P",258,-0.15,0,107,-16.05,0,0,0
"68","OU-TF -- MXL/S","MXnL/P - MXL/S",246,"REFORESTACION","OU-TF","MXL/S","MXL/S",30,-0.32,0,246,-78.72,0,0,0
"69","OU-TF -- MXL/S","OT - MXL/S",158,"REFORESTACION","OU-TF","MXL/S","MXL/S",30,-0.32,0,158,-50.56,0,0,0
"70","OU-TF -- MXL/S","P - MXL/S",9440,"REFORESTACION","OU-TF","MXL/S","MXL/S",30,-0.32,0,9440,-3020.8,0,0,0
"71","OU-TF -- MXL/S","AGR_PER - MXL/S",2292,"REFORESTACION","OU-TF","MXL/S","MXL/S",30,-0.32,0,2292,-733.44,0,0,0
"72","OU-TF -- MXL/S","MXnL/S - MXL/S",223,"REFORESTACION","OU-TF","MXL/S","MXL/S",30,-0.32,0,223,-71.36,0,0,0
"73","OU-TF -- MXL/S","AGR_AN - MXL/S",15191,"REFORESTACION","OU-TF","MXL/S","MXL/S",30,-0.32,0,15191,-4861.12,0,0,0
"74","OU-TF -- MXL/S","VHnL/P - MXL/S",44,"REFORESTACION","OU-TF","MXL/S","MXL/S",30,-0.32,0,44,-14.08,0,0,0
"75","OU-TF -- MXL/S","AH - MXL/S",3,"REFORESTACION","OU-TF","MXL/S","MXL/S",30,-0.32,0,3,-0.96,0,0,0
"76","OU-TF -- SC/P","VHnL/P - SC/P",1248,"REFORESTACION","OU-TF","SC/P","SC/P",326,-0.81,0,1248,-1010.88,0,0,0
"77","OU-TF -- SC/P","MXnL/P - SC/P",22,"REFORESTACION","OU-TF","SC/P","SC/P",326,-0.81,0,22,-17.82,0,0,0
"78","OU-TF -- SC/P","OT - SC/P",86,"REFORESTACION","OU-TF","SC/P","SC/P",326,-0.81,0,86,-69.66,0,0,0
"79","OU-TF -- SC/P","ACUI - SC/P",22,"REFORESTACION","OU-TF","SC/P","SC/P",326,-0.81,0,22,-17.82,0,0,0
"80","OU-TF -- SC/P","AGR_PER - SC/P",6820,"REFORESTACION","OU-TF","SC/P","SC/P",326,-0.81,0,6820,-5524.2,0,0,0
"81","OU-TF -- SC/P","P - SC/P",22826,"REFORESTACION","OU-TF","SC/P","SC/P",326,-0.81,0,22826,-18489.06,0,0,0
"82","OU-TF -- SC/P","AH - SC/P",433,"REFORESTACION","OU-TF","SC/P","SC/P",326,-0.81,0,433,-350.73,0,0,0
"83","OU-TF -- SC/P","AGR_AN - SC/P",31484,"REFORESTACION","OU-TF","SC/P","SC/P",326,-0.81,0,31484,-25502.04,0,0,0
"84","OU-TF -- SC/S","P - SC/S",37276,"REFORESTACION","OU-TF","SC/S","SC/S",198,-0.68,0,37276,-25347.68,0,0,0
"85","OU-TF -- SC/S","AGR_PER - SC/S",6461,"REFORESTACION","OU-TF","SC/S","SC/S",198,-0.68,0,6461,-4393.48,0,0,0
"86","OU-TF -- SC/S","OT - SC/S",48,"REFORESTACION","OU-TF","SC/S","SC/S",198,-0.68,0,48,-32.64,0,0,0
"87","OU-TF -- SC/S","AGR_AN - SC/S",45757,"REFORESTACION","OU-TF","SC/S","SC/S",198,-0.68,0,45757,-31114.76,0,0,0
"88","OU-TF -- SC/S","ACUI - SC/S",50,"REFORESTACION","OU-TF","SC/S","SC/S",198,-0.68,0,50,-34,0,0,0
"89","OU-TF -- SC/S","VHnL/P - SC/S",199,"REFORESTACION","OU-TF","SC/S","SC/S",198,-0.68,0,199,-135.32,0,0,0
"90","OU-TF -- SC/S","EOTnL/P - SC/S",8,"REFORESTACION","OU-TF","SC/S","SC/S",198,-0.68,0,8,-5.44,0,0,0
"91","OU-TF -- SC/S","AH - SC/S",92,"REFORESTACION","OU-TF","SC/S","SC/S",198,-0.68,0,92,-62.56,0,0,0
"92","OU-TF -- SP/P","AGR_AN - SP/P",34870,"REFORESTACION","OU-TF","SP/P","SP/P",605,-1.21,0,34870,-42192.7,0,0,0
"93","OU-TF -- SP/P","AGR_PER - SP/P",2378,"REFORESTACION","OU-TF","SP/P","SP/P",605,-1.21,0,2378,-2877.38,0,0,0
"94","OU-TF -- SP/P","AH - SP/P",821,"REFORESTACION","OU-TF","SP/P","SP/P",605,-1.21,0,821,-993.41,0,0,0
"95","OU-TF -- SP/P","P - SP/P",104256,"REFORESTACION","OU-TF","SP/P","SP/P",605,-1.21,0,104256,-126149.76,0,0,0
"96","OU-TF -- SP/P","EOTnL/P - SP/P",55,"REFORESTACION","OU-TF","SP/P","SP/P",605,-1.21,0,55,-66.55,0,0,0
"97","OU-TF -- SP/P","OT - SP/P",253,"REFORESTACION","OU-TF","SP/P","SP/P",605,-1.21,0,253,-306.13,0,0,0
"98","OU-TF -- SP/P","VHnL/P - SP/P",2027,"REFORESTACION","OU-TF","SP/P","SP/P",605,-1.21,0,2027,-2452.67,0,0,0
"99","OU-TF -- SP/S","OT - SP/S",83,"REFORESTACION","OU-TF","SP/S","SP/S",72,-1.64,0,83,-136.12,0,0,0
"100","OU-TF -- SP/S","VHnL/P - SP/S",558,"REFORESTACION","OU-TF","SP/S","SP/S",72,-1.64,0,558,-915.12,0,0,0
"101","OU-TF -- SP/S","AH - SP/S",454,"REFORESTACION","OU-TF","SP/S","SP/S",72,-1.64,0,454,-744.56,0,0,0
"102","OU-TF -- SP/S","AGR_AN - SP/S",6649,"REFORESTACION","OU-TF","SP/S","SP/S",72,-1.64,0,6649,-10904.36,0,0,0
"103","OU-TF -- SP/S","P - SP/S",51422,"REFORESTACION","OU-TF","SP/S","SP/S",72,-1.64,0,51422,-84332.08,0,0,0
"104","OU-TF -- SP/S","AGR_PER - SP/S",4197,"REFORESTACION","OU-TF","SP/S","SP/S",72,-1.64,0,4197,-6883.08,0,0,0
"105","OU-TF -- SSC/P","VHnL/P - SSC/P",94,"REFORESTACION","OU-TF","SSC/P","SSC/P",365,-1.76,0,94,-165.44,0,0,0
"106","OU-TF -- SSC/P","AGR_AN - SSC/P",33878,"REFORESTACION","OU-TF","SSC/P","SSC/P",365,-1.76,0,33878,-59625.28,0,0,0
"107","OU-TF -- SSC/P","P - SSC/P",30847,"REFORESTACION","OU-TF","SSC/P","SSC/P",365,-1.76,0,30847,-54290.72,0,0,0
"108","OU-TF -- SSC/P","AGR_PER - SSC/P",1772,"REFORESTACION","OU-TF","SSC/P","SSC/P",365,-1.76,0,1772,-3118.72,0,0,0
"109","OU-TF -- SSC/P","AH - SSC/P",69,"REFORESTACION","OU-TF","SSC/P","SSC/P",365,-1.76,0,69,-121.44,0,0,0
"110","OU-TF -- SSC/S","AGR_AN - SSC/S",7788,"REFORESTACION","OU-TF","SSC/S","SSC/S",78,-1.18,0,7788,-9189.84,0,0,0
"111","OU-TF -- SSC/S","AH - SSC/S",17,"REFORESTACION","OU-TF","SSC/S","SSC/S",78,-1.18,0,17,-20.06,0,0,0
"112","OU-TF -- SSC/S","VHnL/P - SSC/S",27,"REFORESTACION","OU-TF","SSC/S","SSC/S",78,-1.18,0,27,-31.86,0,0,0
"113","OU-TF -- SSC/S","P - SSC/S",12361,"REFORESTACION","OU-TF","SSC/S","SSC/S",78,-1.18,0,12361,-14585.98,0,0,0
"114","OU-TF -- SSC/S","AGR_PER - SSC/S",50,"REFORESTACION","OU-TF","SSC/S","SSC/S",78,-1.18,0,50,-59,0,0,0
"115","OU-TF -- VHL/P","AGR_PER - VHL/P",321,"REFORESTACION","OU-TF","VHL/P","VHL/P",43,-0.12,0,321,-38.52,0,0,0
"116","OU-TF -- VHL/P","AGR_AN - VHL/P",1747,"REFORESTACION","OU-TF","VHL/P","VHL/P",43,-0.12,0,1747,-209.64,0,0,0
"117","OU-TF -- VHL/P","AH - VHL/P",295,"REFORESTACION","OU-TF","VHL/P","VHL/P",43,-0.12,0,295,-35.4,0,0,0
"118","OU-TF -- VHL/P","VHnL/P - VHL/P",3581,"REFORESTACION","OU-TF","VHL/P","VHL/P",43,-0.12,0,3581,-429.72,0,0,0
"119","OU-TF -- VHL/P","OT - VHL/P",2415,"REFORESTACION","OU-TF","VHL/P","VHL/P",43,-0.12,0,2415,-289.8,0,0,0
"120","OU-TF -- VHL/P","MXnL/S - VHL/P",108,"REFORESTACION","OU-TF","VHL/P","VHL/P",43,-0.12,0,108,-12.96,0,0,0
"121","OU-TF -- VHL/P","P - VHL/P",4481,"REFORESTACION","OU-TF","VHL/P","VHL/P",43,-0.12,0,4481,-537.72,0,0,0
"122","OU-TF -- VHL/P","EOTnL/P - VHL/P",797,"REFORESTACION","OU-TF","VHL/P","VHL/P",43,-0.12,0,797,-95.64,0,0,0
"123","OU-TF -- VHL/P","ACUI - VHL/P",217,"REFORESTACION","OU-TF","VHL/P","VHL/P",43,-0.12,0,217,-26.04,0,0,0
"124","OU-TF -- VHL/P","MXnL/P - VHL/P",4094,"REFORESTACION","OU-TF","VHL/P","VHL/P",43,-0.12,0,4094,-491.28,0,0,0
"125","OU-TF -- VHL/S","ACUI - VHL/S",26,"REFORESTACION","OU-TF","VHL/S","VHL/S",5,-0.12,0,26,-3.12,0,0,0
"126","OU-TF -- VHL/S","AGR_AN - VHL/S",14,"REFORESTACION","OU-TF","VHL/S","VHL/S",5,-0.12,0,14,-1.68,0,0,0
"127","OU-TF -- VHL/S","OT - VHL/S",374,"REFORESTACION","OU-TF","VHL/S","VHL/S",5,-0.12,0,374,-44.88,0,0,0
"128","OU-TF -- VHL/S","VHnL/P - VHL/S",134,"REFORESTACION","OU-TF","VHL/S","VHL/S",5,-0.12,0,134,-16.08,0,0,0
"129","OU-TF -- VHL/S","P - VHL/S",322,"REFORESTACION","OU-TF","VHL/S","VHL/S",5,-0.12,0,322,-38.64,0,0,0
"130","PRAD-OU -- EOTnL/P","EOTnL/P - AGR_PER",17,"PERDIDA PRADERAS","PRAD-OU","EOTnL/P","EOTnL/P",3,NA,NA,4.25,NA,0,NA,NA
"131","PRAD-OU -- EOTnL/P","EOTnL/P - ACUI",324,"PERDIDA PRADERAS","PRAD-OU","EOTnL/P","EOTnL/P",3,NA,NA,81,NA,0,NA,NA
"132","PRAD-OU -- EOTnL/P","EOTnL/P - OT",805,"PERDIDA PRADERAS","PRAD-OU","EOTnL/P","EOTnL/P",3,NA,NA,201.25,NA,0,NA,NA
"133","PRAD-OU -- EOTnL/P","EOTnL/P - AGR_AN",959,"PERDIDA PRADERAS","PRAD-OU","EOTnL/P","EOTnL/P",3,NA,NA,239.75,NA,0,NA,NA
"134","PRAD-OU -- EOTnL/P","EOTnL/P - AH",584,"PERDIDA PRADERAS","PRAD-OU","EOTnL/P","EOTnL/P",3,NA,NA,146,NA,0,NA,NA
"135","PRAD-OU -- MXnL/P","MXnL/P - OT",14635,"PERDIDA PRADERAS","PRAD-OU","MXnL/P","MXnL/P",864,0.6,23.5,3658.75,2195.25,0,23.5,2661360435.14062
"136","PRAD-OU -- MXnL/P","MXnL/P - AGR_PER",2019,"PERDIDA PRADERAS","PRAD-OU","MXnL/P","MXnL/P",864,0.6,23.5,504.75,302.85,0,23.5,50651333.150625
"137","PRAD-OU -- MXnL/P","MXnL/P - AH",4690,"PERDIDA PRADERAS","PRAD-OU","MXnL/P","MXnL/P",864,0.6,23.5,1172.5,703.5,0,23.5,273315290.0625
"138","PRAD-OU -- MXnL/P","MXnL/P - AGR_AN",165203,"PERDIDA PRADERAS","PRAD-OU","MXnL/P","MXnL/P",864,0.6,23.5,41300.75,24780.45,0,23.5,339120545291.331
"139","PRAD-OU -- MXnL/P","MXnL/P - ACUI",8655,"PERDIDA PRADERAS","PRAD-OU","MXnL/P","MXnL/P",864,0.6,23.5,2163.75,1298.25,0,23.5,930791453.765625
"140","PRAD-OU -- MXnL/S","MXnL/S - AGR_AN",49186,"PERDIDA PRADERAS","PRAD-OU","MXnL/S","MXnL/S",81,0.9,91.7,12296.5,11066.85,0,91.7,1029880223200.72
"141","PRAD-OU -- MXnL/S","MXnL/S - OT",129,"PERDIDA PRADERAS","PRAD-OU","MXnL/S","MXnL/S",81,0.9,91.7,32.25,29.025,0,91.7,7084074.63605625
"142","PRAD-OU -- MXnL/S","MXnL/S - AGR_PER",278,"PERDIDA PRADERAS","PRAD-OU","MXnL/S","MXnL/S",81,0.9,91.7,69.5,62.55,0,91.7,32899803.147225
"143","PRAD-OU -- MXnL/S","MXnL/S - AH",1413,"PERDIDA PRADERAS","PRAD-OU","MXnL/S","MXnL/S",81,0.9,91.7,353.25,317.925,0,91.7,849939535.607006
"144","PRAD-OU -- MXnL/S","MXnL/S - ACUI",1027,"PERDIDA PRADERAS","PRAD-OU","MXnL/S","MXnL/S",81,0.9,91.7,256.75,231.075,0,91.7,448998194.628506
"145","PRAD-OU -- P","P - ACUI",573,"PERDIDA PRADERAS","PRAD-OU","P","P",1806,3.3,12.6,143.25,472.725,0,12.6,35477926.632225
"146","PRAD-OU -- P","P - AGR_AN",554049,"PERDIDA PRADERAS","PRAD-OU","P","P",1806,3.3,12.6,138512.25,457090.425,0,12.6,33169989806051.8
"147","PRAD-OU -- P","P - AGR_PER",37837,"PERDIDA PRADERAS","PRAD-OU","P","P",1806,3.3,12.6,9459.25,31215.525,0,12.6,154697173002.828
"148","PRAD-OU -- P","P - AH",45688,"PERDIDA PRADERAS","PRAD-OU","P","P",1806,3.3,12.6,11422,37692.6,0,12.6,225555427364.098
"149","PRAD-OU -- P","P - OT",5845,"PERDIDA PRADERAS","PRAD-OU","P","P",1806,3.3,12.6,1461.25,4822.125,0,12.6,3691628739.50063
"150","PRAD-OU -- VHnL/P","VHnL/P - OT",1007,"PERDIDA PRADERAS","PRAD-OU","VHnL/P","VHnL/P",156,1.2,59.2,251.75,302.1,0,59.2,319848901.8624
"151","PRAD-OU -- VHnL/P","VHnL/P - ACUI",491,"PERDIDA PRADERAS","PRAD-OU","VHnL/P","VHnL/P",156,1.2,59.2,122.75,147.3,0,59.2,76041190.4256
"152","PRAD-OU -- VHnL/P","VHnL/P - AGR_AN",6304,"PERDIDA PRADERAS","PRAD-OU","VHnL/P","VHnL/P",156,1.2,59.2,1576,1891.2,0,59.2,12534826637.7216
"153","PRAD-OU -- VHnL/P","VHnL/P - AGR_PER",13,"PERDIDA PRADERAS","PRAD-OU","VHnL/P","VHnL/P",156,1.2,59.2,3.25,3.9,0,59.2,53305.5744
"154","PRAD-OU -- VHnL/P","VHnL/P - AH",146,"PERDIDA PRADERAS","PRAD-OU","VHnL/P","VHnL/P",156,1.2,59.2,36.5,43.8,0,59.2,6723441.5616
"155","PRAD-PRAD -- EOTnL/P","MXnL/P - EOTnL/P",108,"PERMANENCIA PRADERA","PRAD-PRAD","EOTnL/P","EOTnL/P",3,0.110515363826348,200.622589953096,108,11.9356592932456,0,200.622589953096,5733931.38727323
"156","PRAD-PRAD -- EOTnL/P","P - EOTnL/P",1,"PERMANENCIA PRADERA","PRAD-PRAD","EOTnL/P","EOTnL/P",3,0.110515363826348,200.622589953096,1,0.110515363826348,0,200.622589953096,491.59219712562
"157","PRAD-PRAD -- EOTnL/P","EOTnL/P - EOTnL/P",148252,"PERMANENCIA PRADERA","PRAD-PRAD","EOTnL/P","EOTnL/P",3,0.110515363826348,200.622589953096,148252,16384.1237179837,0,200.622589953096,10804535549078.5
"158","PRAD-PRAD -- MXnL/P","VHnL/P - MXnL/P",20,"PERMANENCIA PRADERA","PRAD-PRAD","MXnL/P","MXnL/P",734,0.0100348969613639,154.367363407139,20,0.200697939227278,0,154.367363407139,959.835479624664
"159","PRAD-PRAD -- MXnL/P","EOTnL/P - MXnL/P",7,"PERMANENCIA PRADERA","PRAD-PRAD","MXnL/P","MXnL/P",734,0.0100348969613639,154.367363407139,7,0.0702442787295473,0,154.367363407139,117.579846254021
"160","PRAD-PRAD -- MXnL/P","MXnL/P - MXnL/P",33497307,"PERMANENCIA PRADERA","PRAD-PRAD","MXnL/P","MXnL/P",734,0.0100348969613639,154.367363407139,33497307,336142.024228174,0,154.367363407139,2692505474735802
"161","PRAD-PRAD -- MXnL/P","P - MXnL/P",31859,"PERMANENCIA PRADERA","PRAD-PRAD","MXnL/P","MXnL/P",734,0.0100348969613639,154.367363407139,31859,319.701782292093,0,154.367363407139,2435572645.64173
"162","PRAD-PRAD -- MXnL/P","MXnL/S - MXnL/P",10497,"PERMANENCIA PRADERA","PRAD-PRAD","MXnL/P","MXnL/P",734,0.0100348969613639,154.367363407139,10497,105.336313403437,0,154.367363407139,264403501.579805
"163","PRAD-PRAD -- MXnL/S","MXnL/S - MXnL/S",2531984,"PERMANENCIA PRADERA","PRAD-PRAD","MXnL/S","MXnL/S",67,-0.0420985607290965,-129.20883681865,2531984,-106592.882189101,0,129.20883681865,189688431035186
"164","PRAD-PRAD -- MXnL/S","P - MXnL/S",2526,"PERMANENCIA PRADERA","PRAD-PRAD","MXnL/S","MXnL/S",67,-0.0420985607290965,-129.20883681865,2526,-106.340964401698,0,129.20883681865,188792884.894868
"165","PRAD-PRAD -- MXnL/S","MXnL/P - MXnL/S",199140,"PERMANENCIA PRADERA","PRAD-PRAD","MXnL/S","MXnL/S",67,-0.0420985607290965,-129.20883681865,199140,-8383.50738359228,0,129.20883681865,1173372582248.11
"166","PRAD-PRAD -- P","VHnL/P - P",6538,"PERMANENCIA PRADERA","PRAD-PRAD","P","P",1486,0.243518582498286,38.8920658939994,6538,1592.12449237379,0,38.8920658939994,3834211562.25208
"167","PRAD-PRAD -- P","EOTnL/P - P",236,"PERMANENCIA PRADERA","PRAD-PRAD","P","P",1486,0.243518582498286,38.8920658939994,236,57.4703854695955,0,38.8920658939994,4995859.84347692
"168","PRAD-PRAD -- P","MXnL/S - P",47539,"PERMANENCIA PRADERA","PRAD-PRAD","P","P",1486,0.243518582498286,38.8920658939994,47539,11576.629893386,0,38.8920658939994,202715204525.778
"169","PRAD-PRAD -- P","MXnL/P - P",69378,"PERMANENCIA PRADERA","PRAD-PRAD","P","P",1486,0.243518582498286,38.8920658939994,69378,16894.8322165661,0,38.8920658939994,431747460789.045
"170","PRAD-PRAD -- P","P - P",29884948,"PERMANENCIA PRADERA","PRAD-PRAD","P","P",1486,0.243518582498286,38.8920658939994,29884948,7277540.17499499,0,38.8920658939994,80110833257988928
"171","PRAD-PRAD -- VHnL/P","MXnL/P - VHnL/P",397,"PERMANENCIA PRADERA","PRAD-PRAD","VHnL/P","VHnL/P",87,0.111649101315561,146.622591754747,397,44.3246932222777,0,146.622591754747,42237019.1840015
"172","PRAD-PRAD -- VHnL/P","VHnL/P - VHnL/P",1375264,"PERMANENCIA PRADERA","PRAD-PRAD","VHnL/P","VHnL/P",87,0.111649101315561,146.622591754747,1375264,153546.989671644,0,146.622591754747,506855772287317
"173","PRAD-PRAD -- VHnL/P","P - VHnL/P",20482,"PERMANENCIA PRADERA","PRAD-PRAD","VHnL/P","VHnL/P",87,0.111649101315561,146.622591754747,20482,2286.79689314532,0,146.622591754747,112423466151.762
"174","PRAD-PRAD -- VHnL/P","EOTnL/P - VHnL/P",27,"PERMANENCIA PRADERA","PRAD-PRAD","VHnL/P","VHnL/P",87,0.111649101315561,146.622591754747,27,3.01452573552015,0,146.622591754747,195361.857413835
"175","PRAD-PRAD -- VHnL/S","VHnL/S - VHnL/S",344,"PERMANENCIA PRADERA","PRAD-PRAD","VHnL/S",NA,NA,NA,NA,344,NA,0,NA,NA
"176","TF-OU -- BC","BC - AH",407,"DEFORESTACION","TF-OU","BC","BC",8,34.6,38.1,101.75,3520.55,0,38.1,17991649617.032
"177","TF-OU -- BC","BC - AGR_AN",383,"DEFORESTACION","TF-OU","BC","BC",8,34.6,38.1,95.75,3312.95,0,38.1,15932345445.326
"178","TF-OU -- BCO/P","BCO/P - AH",914,"DEFORESTACION","TF-OU","BCO/P","BCO/P",4404,33.6,2.1,228.5,7677.6,0,2.1,259949839.1616
"179","TF-OU -- BCO/P","BCO/P - AGR_AN",17473,"DEFORESTACION","TF-OU","BCO/P","BCO/P",4404,33.6,2.1,4368.25,146773.2,0,2.1,95001861570.6384
"180","TF-OU -- BCO/P","BCO/P - AGR_PER",120,"DEFORESTACION","TF-OU","BCO/P","BCO/P",4404,33.6,2.1,30,1008,0,2.1,4480842.24
"181","TF-OU -- BCO/P","BCO/P - OT",162,"DEFORESTACION","TF-OU","BCO/P","BCO/P",4404,33.6,2.1,40.5,1360.8,0,2.1,8166334.9824
"182","TF-OU -- BCO/S","BCO/S - AGR_AN",23033,"DEFORESTACION","TF-OU","BCO/S","BCO/S",1137,22.1,4.8,5758.25,127257.325,0,4.8,373119592692.226
"183","TF-OU -- BCO/S","BCO/S - AH",894,"DEFORESTACION","TF-OU","BCO/S","BCO/S",1137,22.1,4.8,223.5,4939.35,0,4.8,562110990.8544
"184","TF-OU -- BCO/S","BCO/S - AGR_PER",185,"DEFORESTACION","TF-OU","BCO/S","BCO/S",1137,22.1,4.8,46.25,1022.125,0,4.8,24070798.44
"185","TF-OU -- BE/P","BE/P - AGR_AN",12750,"DEFORESTACION","TF-OU","BE/P","BE/P",3365,20.7,2.7,3187.5,65981.25,0,2.7,31737199812.8906
"186","TF-OU -- BE/P","BE/P - OT",1026,"DEFORESTACION","TF-OU","BE/P","BE/P",3365,20.7,2.7,256.5,5309.55,0,2.7,205514731.566225
"187","TF-OU -- BE/P","BE/P - AGR_PER",230,"DEFORESTACION","TF-OU","BE/P","BE/P",3365,20.7,2.7,57.5,1190.25,0,2.7,10327707.005625
"188","TF-OU -- BE/P","BE/P - AH",1019,"DEFORESTACION","TF-OU","BE/P","BE/P",3365,20.7,2.7,254.75,5273.325,0,2.7,202720003.290506
"189","TF-OU -- BE/S","BE/S - AGR_AN",30145,"DEFORESTACION","TF-OU","BE/S","BE/S",1466,14.7,4.9,7536.25,110782.875,0,4.9,294671017892.308
"190","TF-OU -- BE/S","BE/S - AGR_PER",142,"DEFORESTACION","TF-OU","BE/S","BE/S",1466,14.7,4.9,35.5,521.85,0,4.9,6538581.414225
"191","TF-OU -- BE/S","BE/S - OT",38,"DEFORESTACION","TF-OU","BE/S","BE/S",1466,14.7,4.9,9.5,139.65,0,4.9,468245.961225
"192","TF-OU -- BE/S","BE/S - AH",758,"DEFORESTACION","TF-OU","BE/S","BE/S",1466,14.7,4.9,189.5,2785.65,0,4.9,186313900.599225
"193","TF-OU -- BM/P","BM/P - AH",144,"DEFORESTACION","TF-OU","BM/P","BM/P",357,37.7,9.9,36,1357.2,0,9.9,180533620.2384
"194","TF-OU -- BM/P","BM/P - AGR_AN",601,"DEFORESTACION","TF-OU","BM/P","BM/P",357,37.7,9.9,150.25,5664.425,0,9.9,3144720494.00706
"195","TF-OU -- BM/P","BM/P - AGR_PER",1,"DEFORESTACION","TF-OU","BM/P","BM/P",357,37.7,9.9,0.25,9.425,0,9.9,8706.28955625
"196","TF-OU -- BM/S","BM/S - AH",585,"DEFORESTACION","TF-OU","BM/S","BM/S",160,18.1,19,146.25,2647.125,0,19,2529624746.39062
"197","TF-OU -- BM/S","BM/S - OT",146,"DEFORESTACION","TF-OU","BM/S","BM/S",160,18.1,19,36.5,660.65,0,19,157561490.5225
"198","TF-OU -- BM/S","BM/S - AGR_AN",5226,"DEFORESTACION","TF-OU","BM/S","BM/S",160,18.1,19,1306.5,23647.65,0,19,201875297538.623
"199","TF-OU -- EOTL/P","EOTL/P - AGR_AN",5462,"DEFORESTACION","TF-OU","EOTL/P","EOTL/P",32,3.5,95.1,1365.5,4779.25,0,95.1,206576317619.556
"200","TF-OU -- EOTL/P","EOTL/P - AH",82,"DEFORESTACION","TF-OU","EOTL/P","EOTL/P",32,3.5,95.1,20.5,71.75,0,95.1,46559128.730625
"201","TF-OU -- EOTL/S","EOTL/S - AGR_PER",15,"DEFORESTACION","TF-OU","EOTL/S","EOTL/S",31,4.6,55.8,3.75,17.25,0,55.8,926502.5025
"202","TF-OU -- EOTL/S","EOTL/S - AGR_AN",6213,"DEFORESTACION","TF-OU","EOTL/S","EOTL/S",31,4.6,55.8,1553.25,7144.95,0,55.8,158952288793.004
"203","TF-OU -- EOTL/S","EOTL/S - AH",106,"DEFORESTACION","TF-OU","EOTL/S","EOTL/S",31,4.6,55.8,26.5,121.9,0,55.8,46267476.0804
"204","TF-OU -- MXL/P","MXL/P - AGR_PER",849,"DEFORESTACION","TF-OU","MXL/P","MXL/P",1484,4.3,8.9,212.25,912.675,0,8.9,65980001.6820562
"205","TF-OU -- MXL/P","MXL/P - AGR_AN",69832,"DEFORESTACION","TF-OU","MXL/P","MXL/P",1484,4.3,8.9,17458,75069.4,0,8.9,446381207603.876
"206","TF-OU -- MXL/P","MXL/P - AH",7235,"DEFORESTACION","TF-OU","MXL/P","MXL/P",1484,4.3,8.9,1808.75,7777.625,0,8.9,4791527805.24391
"207","TF-OU -- MXL/P","MXL/P - ACUI",2047,"DEFORESTACION","TF-OU","MXL/P","MXL/P",1484,4.3,8.9,511.75,2200.525,0,8.9,383559396.932256
"208","TF-OU -- MXL/P","MXL/P - OT",3895,"DEFORESTACION","TF-OU","MXL/P","MXL/P",1484,4.3,8.9,973.75,4187.125,0,8.9,1388710968.79516
"209","TF-OU -- MXL/S","MXL/S - AGR_AN",42149,"DEFORESTACION","TF-OU","MXL/S","MXL/S",198,3.2,28.8,10537.25,33719.2,0,28.8,943060381079.962
"210","TF-OU -- MXL/S","MXL/S - OT",678,"DEFORESTACION","TF-OU","MXL/S","MXL/S",198,3.2,28.8,169.5,542.4,0,28.8,244019390.0544
"211","TF-OU -- MXL/S","MXL/S - ACUI",102,"DEFORESTACION","TF-OU","MXL/S","MXL/S",198,3.2,28.8,25.5,81.6,0,28.8,5522876.0064
"212","TF-OU -- MXL/S","MXL/S - AH",10579,"DEFORESTACION","TF-OU","MXL/S","MXL/S",198,3.2,28.8,2644.75,8463.2,0,28.8,59409265596.8256
"213","TF-OU -- MXL/S","MXL/S - AGR_PER",3487,"DEFORESTACION","TF-OU","MXL/S","MXL/S",198,3.2,28.8,871.75,2789.6,0,28.8,6454592726.6304
"214","TF-OU -- SC/P","SC/P - AH",3458,"DEFORESTACION","TF-OU","SC/P","SC/P",939,17.4,5.3,864.5,15042.3,0,5.3,6355946471.1561
"215","TF-OU -- SC/P","SC/P - ACUI",134,"DEFORESTACION","TF-OU","SC/P","SC/P",939,17.4,5.3,33.5,582.9,0,5.3,9544206.9969
"216","TF-OU -- SC/P","SC/P - AGR_AN",90468,"DEFORESTACION","TF-OU","SC/P","SC/P",939,17.4,5.3,22617,393535.8,0,5.3,4350310263015.27
"217","TF-OU -- SC/P","SC/P - AGR_PER",6041,"DEFORESTACION","TF-OU","SC/P","SC/P",939,17.4,5.3,1510.25,26278.35,0,5.3,19397596655.315
"218","TF-OU -- SC/P","SC/P - OT",4932,"DEFORESTACION","TF-OU","SC/P","SC/P",939,17.4,5.3,1233,21454.2,0,5.3,12929340976.7076
"219","TF-OU -- SC/S","SC/S - AGR_AN",72571,"DEFORESTACION","TF-OU","SC/S","SC/S",613,12.6,7.6,18142.75,228598.65,0,7.6,3018384119078.07
"220","TF-OU -- SC/S","SC/S - AH",4647,"DEFORESTACION","TF-OU","SC/S","SC/S",613,12.6,7.6,1161.75,14638.05,0,7.6,12376380050.6724
"221","TF-OU -- SC/S","SC/S - OT",809,"DEFORESTACION","TF-OU","SC/S","SC/S",613,12.6,7.6,202.25,2548.35,0,7.6,375098506.8516
"222","TF-OU -- SC/S","SC/S - AGR_PER",3231,"DEFORESTACION","TF-OU","SC/S","SC/S",613,12.6,7.6,807.75,10177.65,0,7.6,5983044158.0196
"223","TF-OU -- SC/S","SC/S - ACUI",120,"DEFORESTACION","TF-OU","SC/S","SC/S",613,12.6,7.6,30,378,0,7.6,8252979.84
"224","TF-OU -- SP/P","SP/P - AGR_AN",16710,"DEFORESTACION","TF-OU","SP/P","SP/P",2375,40.4,2.9,4177.5,168771,0,2.9,239547500208.81
"225","TF-OU -- SP/P","SP/P - AH",6130,"DEFORESTACION","TF-OU","SP/P","SP/P",2375,40.4,2.9,1532.5,61913,0,2.9,32237376575.29
"226","TF-OU -- SP/P","SP/P - AGR_PER",966,"DEFORESTACION","TF-OU","SP/P","SP/P",2375,40.4,2.9,241.5,9756.6,0,2.9,800558358.3396
"227","TF-OU -- SP/P","SP/P - OT",706,"DEFORESTACION","TF-OU","SP/P","SP/P",2375,40.4,2.9,176.5,7130.6,0,2.9,427610287.9876
"228","TF-OU -- SP/S","SP/S - AGR_PER",14144,"DEFORESTACION","TF-OU","SP/S","SP/S",585,19.7,9.1,3536,69659.2,0,9.1,401827587217.638
"229","TF-OU -- SP/S","SP/S - OT",5,"DEFORESTACION","TF-OU","SP/S","SP/S",585,19.7,9.1,1.25,24.625,0,9.1,50215.20765625
"230","TF-OU -- SP/S","SP/S - AGR_AN",27642,"DEFORESTACION","TF-OU","SP/S","SP/S",585,19.7,9.1,6910.5,136136.85,0,9.1,1534737764051.26
"231","TF-OU -- SP/S","SP/S - AH",3852,"DEFORESTACION","TF-OU","SP/S","SP/S",585,19.7,9.1,963,18971.1,0,9.1,29803537221.7401
"232","TF-OU -- SSC/P","SSC/P - AH",1184,"DEFORESTACION","TF-OU","SSC/P","SSC/P",993,30.2,4.8,296,8939.2,0,4.8,1841110194.5856
"233","TF-OU -- SSC/P","SSC/P - AGR_PER",2417,"DEFORESTACION","TF-OU","SSC/P","SSC/P",993,30.2,4.8,604.25,18248.35,0,4.8,7672372478.7264
"234","TF-OU -- SSC/P","SSC/P - AGR_AN",39137,"DEFORESTACION","TF-OU","SSC/P","SSC/P",993,30.2,4.8,9784.25,295484.35,0,4.8,2011645465227.01
"235","TF-OU -- SSC/S","SSC/S - AH",856,"DEFORESTACION","TF-OU","SSC/S","SSC/S",491,16.1,8.9,214,3445.4,0,8.9,940284575.6836
"236","TF-OU -- SSC/S","SSC/S - AGR_PER",712,"DEFORESTACION","TF-OU","SSC/S","SSC/S",491,16.1,8.9,178,2865.8,0,8.9,650536651.5844
"237","TF-OU -- SSC/S","SSC/S - OT",516,"DEFORESTACION","TF-OU","SSC/S","SSC/S",491,16.1,8.9,129,2076.9,0,8.9,341673413.0481
"238","TF-OU -- SSC/S","SSC/S - AGR_AN",60817,"DEFORESTACION","TF-OU","SSC/S","SSC/S",491,16.1,8.9,15204.25,244788.425,0,8.9,4746371956437.41
"239","TF-OU -- VHL/P","VHL/P - AGR_PER",102,"DEFORESTACION","TF-OU","VHL/P","VHL/P",246,13.3,22.4,25.5,339.15,0,22.4,57713801.2416
"240","TF-OU -- VHL/P","VHL/P - AGR_AN",4349,"DEFORESTACION","TF-OU","VHL/P","VHL/P",246,13.3,22.4,1087.25,14460.425,0,22.4,104919968438.79
"241","TF-OU -- VHL/P","VHL/P - OT",4541,"DEFORESTACION","TF-OU","VHL/P","VHL/P",246,13.3,22.4,1135.25,15098.825,0,22.4,114388493339.142
"242","TF-OU -- VHL/P","VHL/P - AH",1263,"DEFORESTACION","TF-OU","VHL/P","VHL/P",246,13.3,22.4,315.75,4199.475,0,22.4,8848833776.6976
"243","TF-OU -- VHL/P","VHL/P - ACUI",204,"DEFORESTACION","TF-OU","VHL/P","VHL/P",246,13.3,22.4,51,678.3,0,22.4,230855204.9664
"244","TF-OU -- VHL/S","VHL/S - ACUI",153,"DEFORESTACION","TF-OU","VHL/S","VHL/S",17,8.1,66.4,38.25,309.825,0,66.4,423222818.8644
"245","TF-OU -- VHL/S","VHL/S - AH",93,"DEFORESTACION","TF-OU","VHL/S","VHL/S",17,8.1,66.4,23.25,188.325,0,66.4,156369522.8484
"246","TF-OU -- VHL/S","VHL/S - AGR_AN",53,"DEFORESTACION","TF-OU","VHL/S","VHL/S",17,8.1,66.4,13.25,107.325,0,66.4,50785291.9044
"247","TF-OU -- VHL/S","VHL/S - AGR_PER",70,"DEFORESTACION","TF-OU","VHL/S","VHL/S",17,8.1,66.4,17.5,141.75,0,66.4,88589508.84
"248","TF-OU -- VHL/S","VHL/S - OT",103,"DEFORESTACION","TF-OU","VHL/S","VHL/S",17,8.1,66.4,25.75,208.575,0,66.4,191805326.3844
"249","TF-PRA -- BC","BC - P",87,"DEFORESTACION PRADERA","TF-PRA","BC","BC",8,34.6,38.1,21.75,752.55,0,38.1,822092472.344025
"250","TF-PRA -- BCO/P","BCO/P - P",15146,"DEFORESTACION PRADERA","TF-PRA","BCO/P","BCO/P",4404,33.6,2.1,3786.5,127226.4,0,2.1,71382715739.1936
"251","TF-PRA -- BCO/P","BCO/P - MXnL/S",78,"DEFORESTACION PRADERA","TF-PRA","BCO/P","BCO/P",4404,33.6,2.1,19.5,655.2,0,2.1,1893155.8464
"252","TF-PRA -- BCO/P","BCO/P - MXnL/P",899,"DEFORESTACION PRADERA","TF-PRA","BCO/P","BCO/P",4404,33.6,2.1,224.75,7551.6,0,2.1,251487581.8896
"253","TF-PRA -- BCO/S","BCO/S - MXnL/P",4550,"DEFORESTACION PRADERA","TF-PRA","BCO/S","BCO/S",1137,22.1,4.8,1137.5,25138.75,0,4.8,14560283556
"254","TF-PRA -- BCO/S","BCO/S - P",10008,"DEFORESTACION PRADERA","TF-PRA","BCO/S","BCO/S",1137,22.1,4.8,2502,55294.2,0,4.8,70443614675.8656
"255","TF-PRA -- BCO/S","BCO/S - MXnL/S",2,"DEFORESTACION PRADERA","TF-PRA","BCO/S","BCO/S",1137,22.1,4.8,0.5,11.05,0,4.8,2813.2416
"256","TF-PRA -- BE/P","BE/P - MXnL/P",20298,"DEFORESTACION PRADERA","TF-PRA","BE/P","BE/P",3365,20.7,2.7,5074.5,105042.15,0,2.7,80436790386.578
"257","TF-PRA -- BE/P","BE/P - P",22116,"DEFORESTACION PRADERA","TF-PRA","BE/P","BE/P",3365,20.7,2.7,5529,114450.3,0,2.7,95490770829.9561
"258","TF-PRA -- BE/S","BE/S - MXnL/S",284,"DEFORESTACION PRADERA","TF-PRA","BE/S","BE/S",1466,14.7,4.9,71,1043.7,0,4.9,26154325.6569
"259","TF-PRA -- BE/S","BE/S - P",27535,"DEFORESTACION PRADERA","TF-PRA","BE/S","BE/S",1466,14.7,4.9,6883.75,101191.125,0,4.9,245853847128.163
"260","TF-PRA -- BE/S","BE/S - MXnL/P",11,"DEFORESTACION PRADERA","TF-PRA","BE/S","BE/S",1466,14.7,4.9,2.75,40.425,0,4.9,39236.67680625
"261","TF-PRA -- BM/P","BM/P - P",3352,"DEFORESTACION PRADERA","TF-PRA","BM/P","BM/P",357,37.7,9.9,838,31592.6,0,9.9,97823033650.2276
"262","TF-PRA -- BM/S","BM/S - P",1710,"DEFORESTACION PRADERA","TF-PRA","BM/S","BM/S",160,18.1,19,427.5,7737.75,0,19,21614071797.5625
"263","TF-PRA -- EOTL/P","EOTL/P - MXnL/P",1608,"DEFORESTACION PRADERA","TF-PRA","EOTL/P","EOTL/P",32,3.5,95.1,402,1407,0,95.1,17903965352.49
"264","TF-PRA -- EOTL/P","EOTL/P - P",758,"DEFORESTACION PRADERA","TF-PRA","EOTL/P","EOTL/P",32,3.5,95.1,189.5,663.25,0,95.1,3978465086.25562
"265","TF-PRA -- EOTL/P","EOTL/P - MXnL/S",48,"DEFORESTACION PRADERA","TF-PRA","EOTL/P","EOTL/P",32,3.5,95.1,12,42,0,95.1,15953633.64
"266","TF-PRA -- EOTL/P","EOTL/P - VHnL/P",23,"DEFORESTACION PRADERA","TF-PRA","EOTL/P","EOTL/P",32,3.5,95.1,5.75,20.125,0,95.1,3662965.36265625
"267","TF-PRA -- EOTL/S","EOTL/S - P",965,"DEFORESTACION PRADERA","TF-PRA","EOTL/S","EOTL/S",31,4.6,55.8,241.25,1109.75,0,55.8,3834587968.4025
"268","TF-PRA -- EOTL/S","EOTL/S - MXnL/P",46,"DEFORESTACION PRADERA","TF-PRA","EOTL/S","EOTL/S",31,4.6,55.8,11.5,52.9,0,55.8,8713241.3124
"269","TF-PRA -- EOTL/S","EOTL/S - MXnL/S",23,"DEFORESTACION PRADERA","TF-PRA","EOTL/S","EOTL/S",31,4.6,55.8,5.75,26.45,0,55.8,2178310.3281
"270","TF-PRA -- EOTnL/P",NA,NA,NA,NA,NA,"EOTnL/P",3,NA,NA,NA,NA,0,NA,NA
"271","TF-PRA -- MXL/P","MXL/P - VHnL/P",1,"DEFORESTACION PRADERA","TF-PRA","MXL/P","MXL/P",1484,4.3,8.9,0.25,1.075,0,8.9,91.53705625
"272","TF-PRA -- MXL/P","MXL/P - MXnL/S",461,"DEFORESTACION PRADERA","TF-PRA","MXL/P","MXL/P",1484,4.3,8.9,115.25,495.575,0,8.9,19453546.7313063
"273","TF-PRA -- MXL/P","MXL/P - P",110394,"DEFORESTACION PRADERA","TF-PRA","MXL/P","MXL/P",1484,4.3,8.9,27598.5,118673.55,0,8.9,1115547022507.21
"274","TF-PRA -- MXL/P","MXL/P - MXnL/P",21648,"DEFORESTACION PRADERA","TF-PRA","MXL/P","MXL/P",1484,4.3,8.9,5412,23271.6,0,8.9,42897551105.2176
"275","TF-PRA -- MXL/S","MXL/S - MXnL/S",73,"DEFORESTACION PRADERA","TF-PRA","MXL/S","MXL/S",198,3.2,28.8,18.25,58.4,0,28.8,2828854.8864
"276","TF-PRA -- MXL/S","MXL/S - P",51761,"DEFORESTACION PRADERA","TF-PRA","MXL/S","MXL/S",198,3.2,28.8,12940.25,41408.8,0,28.8,1422231409793.43
"277","TF-PRA -- MXL/S","MXL/S - VHnL/P",417,"DEFORESTACION PRADERA","TF-PRA","MXL/S","MXL/S",198,3.2,28.8,104.25,333.6,0,28.8,92307514.9824
"278","TF-PRA -- MXL/S","MXL/S - MXnL/P",249,"DEFORESTACION PRADERA","TF-PRA","MXL/S","MXL/S",198,3.2,28.8,62.25,199.2,0,28.8,32912710.0416
"279","TF-PRA -- MXnL/P",NA,NA,NA,NA,NA,"MXnL/P",864,0.6,23.5,NA,NA,0,23.5,NA
"280","TF-PRA -- MXnL/S",NA,NA,NA,NA,NA,"MXnL/S",81,0.9,91.7,NA,NA,0,91.7,NA
"281","TF-PRA -- P",NA,NA,NA,NA,NA,"P",1806,3.3,12.6,NA,NA,0,12.6,NA
"282","TF-PRA -- SC/P","SC/P - P",97382,"DEFORESTACION PRADERA","TF-PRA","SC/P","SC/P",939,17.4,5.3,24345.5,423611.7,0,5.3,5040662645066.84
"283","TF-PRA -- SC/P","SC/P - VHnL/P",478,"DEFORESTACION PRADERA","TF-PRA","SC/P","SC/P",939,17.4,5.3,119.5,2079.3,0,5.3,121446791.6841
"284","TF-PRA -- SC/S","SC/S - EOTnL/P",6,"DEFORESTACION PRADERA","TF-PRA","SC/S","SC/S",613,12.6,7.6,1.5,18.9,0,7.6,20632.4496
"285","TF-PRA -- SC/S","SC/S - P",100887,"DEFORESTACION PRADERA","TF-PRA","SC/S","SC/S",613,12.6,7.6,25221.75,317794.05,0,7.6,5833359042521.65
"286","TF-PRA -- SC/S","SC/S - VHnL/P",20,"DEFORESTACION PRADERA","TF-PRA","SC/S","SC/S",613,12.6,7.6,5,63,0,7.6,229249.44
"287","TF-PRA -- SP/P","SP/P - EOTnL/P",5,"DEFORESTACION PRADERA","TF-PRA","SP/P","SP/P",2375,40.4,2.9,1.25,50.5,0,2.9,21447.6025
"288","TF-PRA -- SP/P","SP/P - P",108951,"DEFORESTACION PRADERA","TF-PRA","SP/P","SP/P",2375,40.4,2.9,27237.75,1100405.1,0,2.9,10183596540331.5
"289","TF-PRA -- SP/P","SP/P - VHnL/P",8484,"DEFORESTACION PRADERA","TF-PRA","SP/P","SP/P",2375,40.4,2.9,2121,85688.4,0,2.9,61750440933.2496
"290","TF-PRA -- SP/S","SP/S - VHnL/P",1024,"DEFORESTACION PRADERA","TF-PRA","SP/S","SP/S",585,19.7,9.1,256,5043.2,0,9.1,2106178463.3344
"291","TF-PRA -- SP/S","SP/S - P",65677,"DEFORESTACION PRADERA","TF-PRA","SP/S","SP/S",585,19.7,9.1,16419.25,323459.225,0,9.1,8664068314375.71
"292","TF-PRA -- SSC/P","SSC/P - VHnL/P",666,"DEFORESTACION PRADERA","TF-PRA","SSC/P","SSC/P",993,30.2,4.8,166.5,5028.3,0,4.8,582538772.5056
"293","TF-PRA -- SSC/P","SSC/P - P",33218,"DEFORESTACION PRADERA","TF-PRA","SSC/P","SSC/P",993,30.2,4.8,8304.5,250795.9,0,4.8,1449183362844.9
"294","TF-PRA -- SSC/S","SSC/S - VHnL/P",107,"DEFORESTACION PRADERA","TF-PRA","SSC/S","SSC/S",491,16.1,8.9,26.75,430.675,0,8.9,14691946.4950563
"295","TF-PRA -- SSC/S","SSC/S - P",52333,"DEFORESTACION PRADERA","TF-PRA","SSC/S","SSC/S",491,16.1,8.9,13083.25,210640.325,0,8.9,3514495937540.73
"296","TF-PRA -- VHL/P","VHL/P - EOTnL/P",691,"DEFORESTACION PRADERA","TF-PRA","VHL/P","VHL/P",246,13.3,22.4,172.75,2297.575,0,22.4,2648716217.8624
"297","TF-PRA -- VHL/P","VHL/P - MXnL/P",161,"DEFORESTACION PRADERA","TF-PRA","VHL/P","VHL/P",246,13.3,22.4,40.25,535.325,0,22.4,143790796.0384
"298","TF-PRA -- VHL/P","VHL/P - MXnL/S",90,"DEFORESTACION PRADERA","TF-PRA","VHL/P","VHL/P",246,13.3,22.4,22.5,299.25,0,22.4,44932890.24
"299","TF-PRA -- VHL/P","VHL/P - P",2711,"DEFORESTACION PRADERA","TF-PRA","VHL/P","VHL/P",246,13.3,22.4,677.75,9014.075,0,22.4,40769780297.4784
"300","TF-PRA -- VHL/P","VHL/P - VHnL/P",2695,"DEFORESTACION PRADERA","TF-PRA","VHL/P","VHL/P",246,13.3,22.4,673.75,8960.875,0,22.4,40289963596.96
"301","TF-PRA -- VHL/S","VHL/S - VHnL/P",353,"DEFORESTACION PRADERA","TF-PRA","VHL/S","VHL/S",17,8.1,66.4,88.25,714.825,0,66.4,2252867368.7844
"302","TF-PRA -- VHL/S","VHL/S - P",182,"DEFORESTACION PRADERA","TF-PRA","VHL/S","VHL/S",17,8.1,66.4,45.5,368.55,0,66.4,598865079.7584
"303","TF-PRA -- VHnL/P",NA,NA,NA,NA,NA,"VHnL/P",156,1.2,59.2,NA,NA,0,59.2,NA
"304","TF-TF -- BC","BCO/S - BC",40,"PERMANENCIA","TF-TF","BC","BC",6,0.585230415530808,350.339774820201,40,23.4092166212323,0,350.339774820201,67259348.1403618
"305","TF-TF -- BC","BCO/P - BC",8199,"PERMANENCIA","TF-TF","BC","BC",6,0.585230415530808,350.339774820201,8199,4798.30417693709,0,350.339774820201,2825884739317.36
"306","TF-TF -- BC","SP/S - BC",68,"PERMANENCIA","TF-TF","BC","BC",6,0.585230415530808,350.339774820201,68,39.7956682560949,0,350.339774820201,194379516.125645
"307","TF-TF -- BC","SSC/S - BC",83,"PERMANENCIA","TF-TF","BC","BC",6,0.585230415530808,350.339774820201,83,48.5741244890571,0,350.339774820201,289593530.836845
"308","TF-TF -- BC","BE/S - BC",2,"PERMANENCIA","TF-TF","BC","BC",6,0.585230415530808,350.339774820201,2,1.17046083106162,0,350.339774820201,168148.370350904
"309","TF-TF -- BC","SC/P - BC",66,"PERMANENCIA","TF-TF","BC","BC",6,0.585230415530808,350.339774820201,66,38.6252074250333,0,350.339774820201,183113575.312135
"310","TF-TF -- BC","SSC/P - BC",3,"PERMANENCIA","TF-TF","BC","BC",6,0.585230415530808,350.339774820201,3,1.75569124659242,0,350.339774820201,378333.833289535
"311","TF-TF -- BC","SP/P - BC",1860,"PERMANENCIA","TF-TF","BC","BC",6,0.585230415530808,350.339774820201,1860,1088.5285728873,0,350.339774820201,145431525516.497
"312","TF-TF -- BC","BC - BC",34798,"PERMANENCIA","TF-TF","BC","BC",6,0.585230415530808,350.339774820201,34798,20364.8479996411,0,350.339774820201,50902749212300
"313","TF-TF -- BCO/P","SC/S - BCO/P",1062,"PERMANENCIA","TF-TF","BCO/P","BCO/P",3536,0.493609492882891,20.5315677300188,1062,524.21328144163,0,20.5315677300188,115840457.536363
"314","TF-TF -- BCO/P","BM/P - BCO/P",147,"PERMANENCIA","TF-TF","BCO/P","BCO/P",3536,0.493609492882891,20.5315677300188,147,72.560595453785,0,20.5315677300188,2219452.73185233
"315","TF-TF -- BCO/P","MXL/S - BCO/P",338,"PERMANENCIA","TF-TF","BCO/P","BCO/P",3536,0.493609492882891,20.5315677300188,338,166.840008594417,0,20.5315677300188,11733960.7523596
"316","TF-TF -- BCO/P","BE/S - BCO/P",10937,"PERMANENCIA","TF-TF","BCO/P","BCO/P",3536,0.493609492882891,20.5315677300188,10937,5398.60702366018,0,20.5315677300188,12285919203.8353
"317","TF-TF -- BCO/P","BCO/P - BCO/P",12766178,"PERMANENCIA","TF-TF","BCO/P","BCO/P",3536,0.493609492882891,20.5315677300188,12766178,6301506.64863272,0,20.5315677300188,16739135379911790
"318","TF-TF -- BCO/P","MXL/P - BCO/P",47830,"PERMANENCIA","TF-TF","BCO/P","BCO/P",3536,0.493609492882891,20.5315677300188,47830,23609.3420445887,0,20.5315677300188,234969770363.64
"319","TF-TF -- BCO/P","BM/S - BCO/P",1054,"PERMANENCIA","TF-TF","BCO/P","BCO/P",3536,0.493609492882891,20.5315677300188,1054,520.264405498567,0,20.5315677300188,114101788.655582
"320","TF-TF -- BCO/P","SP/P - BCO/P",32,"PERMANENCIA","TF-TF","BCO/P","BCO/P",3536,0.493609492882891,20.5315677300188,32,15.7955037722525,0,20.5315677300188,105174.677098283
"321","TF-TF -- BCO/P","SSC/S - BCO/P",2,"PERMANENCIA","TF-TF","BCO/P","BCO/P",3536,0.493609492882891,20.5315677300188,2,0.987218985765782,0,20.5315677300188,410.838582415166
"322","TF-TF -- BCO/P","BC - BCO/P",293,"PERMANENCIA","TF-TF","BCO/P","BCO/P",3536,0.493609492882891,20.5315677300188,293,144.627581414687,0,20.5315677300188,8817520.36543991
"323","TF-TF -- BCO/P","BE/P - BCO/P",9505,"PERMANENCIA","TF-TF","BCO/P","BCO/P",3536,0.493609492882891,20.5315677300188,9505,4691.75822985188,0,20.5315677300188,9279305499.8157
"324","TF-TF -- BCO/P","SSC/P - BCO/P",5,"PERMANENCIA","TF-TF","BCO/P","BCO/P",3536,0.493609492882891,20.5315677300188,5,2.46804746441446,0,20.5315677300188,2567.74114009479
"325","TF-TF -- BCO/P","SC/P - BCO/P",160,"PERMANENCIA","TF-TF","BCO/P","BCO/P",3536,0.493609492882891,20.5315677300188,160,78.9775188612626,0,20.5315677300188,2629366.92745707
"326","TF-TF -- BCO/S","SC/P - BCO/S",1,"PERMANENCIA","TF-TF","BCO/S","BCO/S",892,0.391621148752684,39.5517373791762,1,0.391621148752684,0,39.5517373791762,239.918316213421
"327","TF-TF -- BCO/S","BE/P - BCO/S",8346,"PERMANENCIA","TF-TF","BCO/S","BCO/S",892,0.391621148752684,39.5517373791762,8346,3268.4701074899,0,39.5517373791762,16711682097.3602
"328","TF-TF -- BCO/S","SSC/P - BCO/S",1,"PERMANENCIA","TF-TF","BCO/S","BCO/S",892,0.391621148752684,39.5517373791762,1,0.391621148752684,0,39.5517373791762,239.918316213421
"329","TF-TF -- BCO/S","MXL/P - BCO/S",2138,"PERMANENCIA","TF-TF","BCO/S","BCO/S",892,0.391621148752684,39.5517373791762,2138,837.286016033238,0,39.5517373791762,1096677179.81746
"330","TF-TF -- BCO/S","BE/S - BCO/S",1271,"PERMANENCIA","TF-TF","BCO/S","BCO/S",892,0.391621148752684,39.5517373791762,1271,497.750480064661,0,39.5517373791762,387573884.662124
"331","TF-TF -- BCO/S","SC/S - BCO/S",545,"PERMANENCIA","TF-TF","BCO/S","BCO/S",892,0.391621148752684,39.5517373791762,545,213.433526070213,0,39.5517373791762,71261737.8732913
"332","TF-TF -- BCO/S","BM/P - BCO/S",16,"PERMANENCIA","TF-TF","BCO/S","BCO/S",892,0.391621148752684,39.5517373791762,16,6.26593838004294,0,39.5517373791762,61419.0889506357
"333","TF-TF -- BCO/S","BCO/S - BCO/S",3843990,"PERMANENCIA","TF-TF","BCO/S","BCO/S",892,0.391621148752684,39.5517373791762,3843990,1505387.77959383,0,39.5517373791762,3545095208027592
"334","TF-TF -- BCO/S","MXL/S - BCO/S",3,"PERMANENCIA","TF-TF","BCO/S","BCO/S",892,0.391621148752684,39.5517373791762,3,1.17486344625805,0,39.5517373791762,2159.26484592079
"335","TF-TF -- BE/P","SC/S - BE/P",1908,"PERMANENCIA","TF-TF","BE/P","BE/P",2613,0.414165677554475,20.4074597724801,1908,790.228112773938,0,20.4074597724801,260065564.023786
"336","TF-TF -- BE/P","MXL/S - BE/P",234,"PERMANENCIA","TF-TF","BE/P","BE/P",2613,0.414165677554475,20.4074597724801,234,96.9147685477471,0,20.4074597724801,3911630.50195976
"337","TF-TF -- BE/P","MXL/P - BE/P",9287,"PERMANENCIA","TF-TF","BE/P","BE/P",2613,0.414165677554475,20.4074597724801,9287,3846.35664744841,0,20.4074597724801,6161365894.59932
"338","TF-TF -- BE/P","SP/P - BE/P",27,"PERMANENCIA","TF-TF","BE/P","BE/P",2613,0.414165677554475,20.4074597724801,27,11.1824732939708,0,20.4074597724801,52077.9208840796
"339","TF-TF -- BE/P","SP/S - BE/P",123,"PERMANENCIA","TF-TF","BE/P","BE/P",2613,0.414165677554475,20.4074597724801,123,50.9423783392004,0,20.4074597724801,1080777.59266837
"340","TF-TF -- BE/P","BM/P - BE/P",64,"PERMANENCIA","TF-TF","BE/P","BE/P",2613,0.414165677554475,20.4074597724801,64,26.5066033634864,0,20.4074597724801,292607.906640864
"341","TF-TF -- BE/P","BCO/S - BE/P",744,"PERMANENCIA","TF-TF","BE/P","BE/P",2613,0.414165677554475,20.4074597724801,744,308.139264100529,0,20.4074597724801,39543215.383388
"342","TF-TF -- BE/P","SC/P - BE/P",6847,"PERMANENCIA","TF-TF","BE/P","BE/P",2613,0.414165677554475,20.4074597724801,6847,2835.79239421549,0,20.4074597724801,3349089586.8809
"343","TF-TF -- BE/P","BE/P - BE/P",10567802,"PERMANENCIA","TF-TF","BE/P","BE/P",2613,0.414165677554475,20.4074597724801,10567802,4376820.87559154,0,20.4074597724801,7978025948547028
"344","TF-TF -- BE/P","SSC/S - BE/P",103,"PERMANENCIA","TF-TF","BE/P","BE/P",2613,0.414165677554475,20.4074597724801,103,42.6590647881109,0,20.4074597724801,757880.195691633
"345","TF-TF -- BE/P","EOTL/S - BE/P",24,"PERMANENCIA","TF-TF","BE/P","BE/P",2613,0.414165677554475,20.4074597724801,24,9.9399762613074,0,20.4074597724801,41147.9868713715
"346","TF-TF -- BE/P","EOTL/P - BE/P",3077,"PERMANENCIA","TF-TF","BE/P","BE/P",2613,0.414165677554475,20.4074597724801,3077,1274.38778983512,0,20.4074597724801,676364962.137288
"347","TF-TF -- BE/P","SSC/P - BE/P",377,"PERMANENCIA","TF-TF","BE/P","BE/P",2613,0.414165677554475,20.4074597724801,377,156.140460438037,0,20.4074597724801,10153337.1979881
"348","TF-TF -- BE/P","BCO/P - BE/P",9452,"PERMANENCIA","TF-TF","BE/P","BE/P",2613,0.414165677554475,20.4074597724801,9452,3914.6939842449,0,20.4074597724801,6382245930.68809
"349","TF-TF -- BE/S","SC/S - BE/S",6363,"PERMANENCIA","TF-TF","BE/S","BE/S",1209,0.466712074177674,24.1103485225096,6363,2969.68892799254,0,24.1103485225096,5126593660.26606
"350","TF-TF -- BE/S","SP/S - BE/S",344,"PERMANENCIA","TF-TF","BE/S","BE/S",1209,0.466712074177674,24.1103485225096,344,160.54895351712,0,24.1103485225096,14983798.8697585
"351","TF-TF -- BE/S","MXL/P - BE/S",725,"PERMANENCIA","TF-TF","BE/S","BE/S",1209,0.466712074177674,24.1103485225096,725,338.366253778814,0,24.1103485225096,66555057.4712415
"352","TF-TF -- BE/S","BCO/P - BE/S",1008,"PERMANENCIA","TF-TF","BE/S","BE/S",1209,0.466712074177674,24.1103485225096,1008,470.445770771095,0,24.1103485225096,128654835.509079
"353","TF-TF -- BE/S","BE/S - BE/S",4808782,"PERMANENCIA","TF-TF","BE/S","BE/S",1209,0.466712074177674,24.1103485225096,4808782,2244316.62148826,0,24.1103485225096,2928028019289826
"354","TF-TF -- BE/S","SSC/S - BE/S",102,"PERMANENCIA","TF-TF","BE/S","BE/S",1209,0.466712074177674,24.1103485225096,102,47.6046315661227,0,24.1103485225096,1317362.79273398
"355","TF-TF -- BE/S","SC/P - BE/S",1236,"PERMANENCIA","TF-TF","BE/S","BE/S",1209,0.466712074177674,24.1103485225096,1236,576.856123683605,0,24.1103485225096,193438088.139997
"356","TF-TF -- BE/S","BCO/S - BE/S",8895,"PERMANENCIA","TF-TF","BE/S","BE/S",1209,0.466712074177674,24.1103485225096,8895,4151.40389981041,0,24.1103485225096,10018367402.7273
"357","TF-TF -- BE/S","SSC/P - BE/S",17,"PERMANENCIA","TF-TF","BE/S","BE/S",1209,0.466712074177674,24.1103485225096,17,7.93410526102046,0,24.1103485225096,36593.4109092771
"358","TF-TF -- BM/P","BCO/P - BM/P",641,"PERMANENCIA","TF-TF","BM/P","BM/P",247,1.03273039345195,69.3848652371868,641,661.9801822027,0,69.3848652371868,2109694032.50132
"359","TF-TF -- BM/P","BM/P - BM/P",1292929,"PERMANENCIA","TF-TF","BM/P","BM/P",247,1.03273039345195,69.3848652371868,1292929,1335247.07487544,0,69.3848652371868,8583269892488890
"360","TF-TF -- BM/P","SSC/S - BM/P",1,"PERMANENCIA","TF-TF","BM/P","BM/P",247,1.03273039345195,69.3848652371868,1,1.03273039345195,0,69.3848652371868,5134.56215425224
"361","TF-TF -- BM/P","BE/S - BM/P",58,"PERMANENCIA","TF-TF","BM/P","BM/P",247,1.03273039345195,69.3848652371868,58,59.8983628202131,0,69.3848652371868,17272667.0869045
"362","TF-TF -- BM/P","SP/S - BM/P",42,"PERMANENCIA","TF-TF","BM/P","BM/P",247,1.03273039345195,69.3848652371868,42,43.3746765249819,0,69.3848652371868,9057367.64010095
"363","TF-TF -- BM/P","SP/P - BM/P",38,"PERMANENCIA","TF-TF","BM/P","BM/P",247,1.03273039345195,69.3848652371868,38,39.2437549511741,0,69.3848652371868,7414307.75074024
"364","TF-TF -- BM/P","BCO/S - BM/P",31,"PERMANENCIA","TF-TF","BM/P","BM/P",247,1.03273039345195,69.3848652371868,31,32.0146421970105,0,69.3848652371868,4934314.2302364
"365","TF-TF -- BM/P","BE/P - BM/P",158,"PERMANENCIA","TF-TF","BM/P","BM/P",247,1.03273039345195,69.3848652371868,158,163.171402165408,0,69.3848652371868,128179209.618753
"366","TF-TF -- BM/P","MXL/P - BM/P",2764,"PERMANENCIA","TF-TF","BM/P","BM/P",247,1.03273039345195,69.3848652371868,2764,2854.46680750119,0,69.3848652371868,39226493951.5922
"367","TF-TF -- BM/P","SSC/P - BM/P",12485,"PERMANENCIA","TF-TF","BM/P","BM/P",247,1.03273039345195,69.3848652371868,12485,12893.6389622476,0,69.3848652371868,800351031070.553
"368","TF-TF -- BM/S","BM/S - BM/S",527396,"PERMANENCIA","TF-TF","BM/S","BM/S",115,0.295455510290986,257.919273797443,527396,155822.054305425,0,257.919273797443,1615196801498978
"369","TF-TF -- BM/S","BCO/P - BM/S",236,"PERMANENCIA","TF-TF","BM/S","BM/S",115,0.295455510290986,257.919273797443,236,69.7275004286727,0,257.919273797443,323426639.757485
"370","TF-TF -- BM/S","SP/S - BM/S",1,"PERMANENCIA","TF-TF","BM/S","BM/S",115,0.295455510290986,257.919273797443,1,0.295455510290986,0,257.919273797443,5806.9994210982
"371","TF-TF -- BM/S","SSC/P - BM/S",80,"PERMANENCIA","TF-TF","BM/S","BM/S",115,0.295455510290986,257.919273797443,80,23.6364408232789,0,257.919273797443,37164796.2950284
"372","TF-TF -- BM/S","BCO/S - BM/S",133,"PERMANENCIA","TF-TF","BM/S","BM/S",115,0.295455510290986,257.919273797443,133,39.2955828687011,0,257.919273797443,102720012.759806
"373","TF-TF -- EOTL/P","SSC/S - EOTL/P",72,"PERMANENCIA","TF-TF","EOTL/P","EOTL/P",27,-0.420126600930328,-275.112722325241,72,-30.2491152669836,0,275.112722325241,69254293.3846339
"374","TF-TF -- EOTL/P","SSC/P - EOTL/P",71,"PERMANENCIA","TF-TF","EOTL/P","EOTL/P",27,-0.420126600930328,-275.112722325241,71,-29.8289886660533,0,275.112722325241,67343922.2515316
"375","TF-TF -- EOTL/P","MXL/S - EOTL/P",184,"PERMANENCIA","TF-TF","EOTL/P","EOTL/P",27,-0.420126600930328,-275.112722325241,184,-77.3032945711803,0,275.112722325241,452290385.191004
"376","TF-TF -- EOTL/P","MXL/P - EOTL/P",14,"PERMANENCIA","TF-TF","EOTL/P","EOTL/P",27,-0.420126600930328,-275.112722325241,14,-5.88177241302459,0,275.112722325241,2618410.78383261
"377","TF-TF -- EOTL/P","EOTL/P - EOTL/P",248185,"PERMANENCIA","TF-TF","EOTL/P","EOTL/P",27,-0.420126600930328,-275.112722325241,248185,-104269.120451893,0,275.112722325241,822872917538135
"378","TF-TF -- EOTL/P","MXnL/P - EOTL/P",4190,"PERMANENCIA","TF-TF","EOTL/P","EOTL/P",27,-0.420126600930328,-275.112722325241,4190,-1760.33045789807,0,275.112722325241,234536130418.59
"379","TF-TF -- EOTL/S","SC/S - EOTL/S",185,"PERMANENCIA","TF-TF","EOTL/S","EOTL/S",24,0.0287634239806249,733.395215045816,185,5.32123343641561,0,733.395215045816,15230030.2854002
"380","TF-TF -- EOTL/S","MXL/P - EOTL/S",3,"PERMANENCIA","TF-TF","EOTL/S","EOTL/S",24,0.0287634239806249,733.395215045816,3,0.0862902719418747,0,733.395215045816,4004.97509331195
"381","TF-TF -- EOTL/S","BE/S - EOTL/S",28,"PERMANENCIA","TF-TF","EOTL/S","EOTL/S",24,0.0287634239806249,733.395215045816,28,0.805375871457497,0,733.395215045816,348877.83035073
"382","TF-TF -- EOTL/S","EOTL/S - EOTL/S",149829,"PERMANENCIA","TF-TF","EOTL/S","EOTL/S",24,0.0287634239806249,733.395215045816,149829,4309.59505159305,0,733.395215045816,9989622387412.07
"383","TF-TF -- EOTL/S","BCO/P - EOTL/S",216,"PERMANENCIA","TF-TF","EOTL/S","EOTL/S",24,0.0287634239806249,733.395215045816,216,6.21289957981498,0,733.395215045816,20761790.8837291
"384","TF-TF -- MXL/P","EOTL/P - MXL/P",8608,"PERMANENCIA","TF-TF","MXL/P","MXL/P",1253,-0.0819607508754222,-32.294661684669,8608,-705.518143535634,0,32.294661684669,519132062.147705
"385","TF-TF -- MXL/P","BCO/S - MXL/P",301,"PERMANENCIA","TF-TF","MXL/P","MXL/P",1253,-0.0819607508754222,-32.294661684669,301,-24.6701860135021,0,32.294661684669,634755.286788046
"386","TF-TF -- MXL/P","SC/S - MXL/P",127,"PERMANENCIA","TF-TF","MXL/P","MXL/P",1253,-0.0819607508754222,-32.294661684669,127,-10.4090153611786,0,32.294661684669,113000.607284736
"387","TF-TF -- MXL/P","SC/P - MXL/P",1075,"PERMANENCIA","TF-TF","MXL/P","MXL/P",1253,-0.0819607508754222,-32.294661684669,1075,-88.1078071910789,0,32.294661684669,8096368.45392916
"388","TF-TF -- MXL/P","MXL/P - MXL/P",18107388,"PERMANENCIA","TF-TF","MXL/P","MXL/P",1253,-0.0819607508754222,-32.294661684669,18107388,-1484095.11687261,0,32.294661684669,2297126705662390
"389","TF-TF -- MXL/P","BCO/P - MXL/P",1126,"PERMANENCIA","TF-TF","MXL/P","MXL/P",1253,-0.0819607508754222,-32.294661684669,1126,-92.2878054857254,0,32.294661684669,8882804.75923754
"390","TF-TF -- MXL/P","EOTL/S - MXL/P",1,"PERMANENCIA","TF-TF","MXL/P","MXL/P",1253,-0.0819607508754222,-32.294661684669,1,-0.0819607508754222,0,32.294661684669,7.00605166375697
"391","TF-TF -- MXL/P","BE/P - MXL/P",2022,"PERMANENCIA","TF-TF","MXL/P","MXL/P",1253,-0.0819607508754222,-32.294661684669,2022,-165.724638270104,0,32.294661684669,28644130.1304438
"392","TF-TF -- MXL/P","BE/S - MXL/P",468,"PERMANENCIA","TF-TF","MXL/P","MXL/P",1253,-0.0819607508754222,-32.294661684669,468,-38.3576314096976,0,32.294661684669,1534493.45960271
"393","TF-TF -- MXL/P","VHL/P - MXL/P",507,"PERMANENCIA","TF-TF","MXL/P","MXL/P",1253,-0.0819607508754222,-32.294661684669,507,-41.5541006938391,0,32.294661684669,1800898.57411707
"394","TF-TF -- MXL/S","BE/S - MXL/S",199,"PERMANENCIA","TF-TF","MXL/S","MXL/S",157,0.0117189012496519,337.217541874124,199,2.33206134868073,0,337.217541874124,618443.826669075
"395","TF-TF -- MXL/S","BCO/P - MXL/S",653,"PERMANENCIA","TF-TF","MXL/S","MXL/S",157,0.0117189012496519,337.217541874124,653,7.65244251602269,0,337.217541874124,6659175.61895239
"396","TF-TF -- MXL/S","SC/S - MXL/S",2018,"PERMANENCIA","TF-TF","MXL/S","MXL/S",157,0.0117189012496519,337.217541874124,2018,23.6487427217975,0,337.217541874124,63596970.7329692
"397","TF-TF -- MXL/S","BC - MXL/S",649,"PERMANENCIA","TF-TF","MXL/S","MXL/S",157,0.0117189012496519,337.217541874124,649,7.60556691102408,0,337.217541874124,6577842.93923995
"398","TF-TF -- MXL/S","SC/P - MXL/S",566,"PERMANENCIA","TF-TF","MXL/S","MXL/S",157,0.0117189012496519,337.217541874124,566,6.63289810730298,0,337.217541874124,5002959.2822504
"399","TF-TF -- MXL/S","MXL/S - MXL/S",2063100,"PERMANENCIA","TF-TF","MXL/S","MXL/S",157,0.0117189012496519,337.217541874124,2063100,24177.2651681568,0,337.217541874124,66471375234268.8
"400","TF-TF -- MXL/S","BE/P - MXL/S",136,"PERMANENCIA","TF-TF","MXL/S","MXL/S",157,0.0117189012496519,337.217541874124,136,1.59377056995266,0,337.217541874124,288849.701221465
"401","TF-TF -- MXL/S","VHL/P - MXL/S",2,"PERMANENCIA","TF-TF","MXL/S","MXL/S",157,0.0117189012496519,337.217541874124,2,0.0234378024993038,0,337.217541874124,62.467495938898
"402","TF-TF -- MXL/S","VHL/S - MXL/S",201,"PERMANENCIA","TF-TF","MXL/S","MXL/S",157,0.0117189012496519,337.217541874124,201,2.35549915118003,0,337.217541874124,630937.325856855
"403","TF-TF -- MXL/S","BCO/S - MXL/S",1,"PERMANENCIA","TF-TF","MXL/S","MXL/S",157,0.0117189012496519,337.217541874124,1,0.0117189012496519,0,337.217541874124,15.6168739847245
"404","TF-TF -- SC/P","SC/P - SC/P",10564450,"PERMANENCIA","TF-TF","SC/P","SC/P",715,0.287226212118272,54.5288232210067,10564450,3034386.95661288,0,54.5288232210067,27377524508968104
"405","TF-TF -- SC/P","SSC/P - SC/P",16566,"PERMANENCIA","TF-TF","SC/P","SC/P",715,0.287226212118272,54.5288232210067,16566,4758.18942995129,0,54.5288232210067,67318697798.9358
"406","TF-TF -- SC/P","SP/P - SC/P",581,"PERMANENCIA","TF-TF","SC/P","SC/P",715,0.287226212118272,54.5288232210067,581,166.878429240716,0,54.5288232210067,82804255.5875102
"407","TF-TF -- SC/P","EOTL/P - SC/P",99,"PERMANENCIA","TF-TF","SC/P","SC/P",715,0.287226212118272,54.5288232210067,99,28.4353949997089,0,54.5288232210067,2404201.0451835
"408","TF-TF -- SC/P","VHL/P - SC/P",607,"PERMANENCIA","TF-TF","SC/P","SC/P",715,0.287226212118272,54.5288232210067,607,174.346310755791,0,54.5288232210067,90381131.6086945
"409","TF-TF -- SC/P","BE/P - SC/P",1340,"PERMANENCIA","TF-TF","SC/P","SC/P",715,0.287226212118272,54.5288232210067,1340,384.883124238484,0,54.5288232210067,440463564.608866
"410","TF-TF -- SC/P","BCO/P - SC/P",55,"PERMANENCIA","TF-TF","SC/P","SC/P",715,0.287226212118272,54.5288232210067,55,15.797441666505,0,54.5288232210067,742037.359624537
"411","TF-TF -- SC/P","MXL/P - SC/P",1609,"PERMANENCIA","TF-TF","SC/P","SC/P",715,0.287226212118272,54.5288232210067,1609,462.1469752983,0,54.5288232210067,635056668.304837
"412","TF-TF -- SC/P","MXL/S - SC/P",749,"PERMANENCIA","TF-TF","SC/P","SC/P",715,0.287226212118272,54.5288232210067,749,215.132432876586,0,54.5288232210067,137614446.541066
"413","TF-TF -- SC/P","BE/S - SC/P",546,"PERMANENCIA","TF-TF","SC/P","SC/P",715,0.287226212118272,54.5288232210067,546,156.825511816576,0,54.5288232210067,73128333.7196127
"414","TF-TF -- SC/P","SP/S - SC/P",134,"PERMANENCIA","TF-TF","SC/P","SC/P",715,0.287226212118272,54.5288232210067,134,38.4883124238484,0,54.5288232210067,4404635.64608866
"415","TF-TF -- SC/P","VHL/S - SC/P",324,"PERMANENCIA","TF-TF","SC/P","SC/P",715,0.287226212118272,54.5288232210067,324,93.0612927263201,0,54.5288232210067,25750781.4426266
"416","TF-TF -- SC/P","SSC/S - SC/P",7763,"PERMANENCIA","TF-TF","SC/P","SC/P",715,0.287226212118272,54.5288232210067,7763,2229.73708467415,0,54.5288232210067,14782897469.3312
"417","TF-TF -- SC/S","VHL/P - SC/S",104,"PERMANENCIA","TF-TF","SC/S","SC/S",477,0.320539529297657,44.8105177884955,104,33.3361110469563,0,44.8105177884955,2231463.52715355
"418","TF-TF -- SC/S","VHL/S - SC/S",16,"PERMANENCIA","TF-TF","SC/S","SC/S",477,0.320539529297657,44.8105177884955,16,5.12863246876251,0,44.8105177884955,52815.7047846994
"419","TF-TF -- SC/S","SSC/P - SC/S",1549,"PERMANENCIA","TF-TF","SC/S","SC/S",477,0.320539529297657,44.8105177884955,1549,496.515730882071,0,44.8105177884955,495023651.859815
"420","TF-TF -- SC/S","EOTL/P - SC/S",27,"PERMANENCIA","TF-TF","SC/S","SC/S",477,0.320539529297657,44.8105177884955,27,8.65456729103674,0,44.8105177884955,150400.971828304
"421","TF-TF -- SC/S","BCO/P - SC/S",171,"PERMANENCIA","TF-TF","SC/S","SC/S",477,0.320539529297657,44.8105177884955,171,54.8122595098993,0,44.8105177884955,6032750.0922242
"422","TF-TF -- SC/S","BCO/S - SC/S",299,"PERMANENCIA","TF-TF","SC/S","SC/S",477,0.320539529297657,44.8105177884955,299,95.8413192599994,0,44.8105177884955,18444440.7166286
"423","TF-TF -- SC/S","BE/P - SC/S",478,"PERMANENCIA","TF-TF","SC/S","SC/S",477,0.320539529297657,44.8105177884955,478,153.21789500428,0,44.8105177884955,47138841.7657315
"424","TF-TF -- SC/S","SSC/S - SC/S",758,"PERMANENCIA","TF-TF","SC/S","SC/S",477,0.320539529297657,44.8105177884955,758,242.968963207624,0,44.8105177884955,118539072.671547
"425","TF-TF -- SC/S","SC/S - SC/S",6493061,"PERMANENCIA","TF-TF","SC/S","SC/S",477,0.320539529297657,44.8105177884955,6493061,2081282.71664097,0,44.8105177884955,8698053609115184
"426","TF-TF -- SC/S","BE/S - SC/S",644,"PERMANENCIA","TF-TF","SC/S","SC/S",477,0.320539529297657,44.8105177884955,644,206.427456867691,0,44.8105177884955,85564742.7327621
"427","TF-TF -- SC/S","MXL/S - SC/S",248,"PERMANENCIA","TF-TF","SC/S","SC/S",477,0.320539529297657,44.8105177884955,248,79.4938032658189,0,44.8105177884955,12688973.074524
"428","TF-TF -- SC/S","MXL/P - SC/S",378,"PERMANENCIA","TF-TF","SC/S","SC/S",477,0.320539529297657,44.8105177884955,378,121.163942074514,0,44.8105177884955,29478590.4783476
"429","TF-TF -- SP/P","VHL/P - SP/P",6442,"PERMANENCIA","TF-TF","SP/P","SP/P",1783,0.56551316221551,31.4291469260026,6442,3643.03579099232,0,31.4291469260026,13109679139.3928
"430","TF-TF -- SP/P","SC/P - SP/P",353,"PERMANENCIA","TF-TF","SP/P","SP/P",1783,0.56551316221551,31.4291469260026,353,199.626146262075,0,31.4291469260026,39364073.3356926
"431","TF-TF -- SP/P","SSC/P - SP/P",52463,"PERMANENCIA","TF-TF","SP/P","SP/P",1783,0.56551316221551,31.4291469260026,52463,29668.5170293123,0,31.4291469260026,869474529095.089
"432","TF-TF -- SP/P","SP/P - SP/P",7867576,"PERMANENCIA","TF-TF","SP/P","SP/P",1783,0.56551316221551,31.4291469260026,7867576,4449217.78273085,0,31.4291469260026,19553860617397328
"433","TF-TF -- SP/P","BE/P - SP/P",306,"PERMANENCIA","TF-TF","SP/P","SP/P",1783,0.56551316221551,31.4291469260026,306,173.047027637946,0,31.4291469260026,29579680.2065735
"434","TF-TF -- SP/P","BM/P - SP/P",56,"PERMANENCIA","TF-TF","SP/P","SP/P",1783,0.56551316221551,31.4291469260026,56,31.6687370840686,0,31.4291469260026,990664.670936545
"435","TF-TF -- SP/P","BC - SP/P",606,"PERMANENCIA","TF-TF","SP/P","SP/P",1783,0.56551316221551,31.4291469260026,606,342.700976302599,0,31.4291469260026,116010118.334201
"436","TF-TF -- SP/P","SSC/S - SP/P",8724,"PERMANENCIA","TF-TF","SP/P","SP/P",1783,0.56551316221551,31.4291469260026,8724,4933.53682716811,0,31.4291469260026,24042627912.1877
"437","TF-TF -- SP/P","BE/S - SP/P",2,"PERMANENCIA","TF-TF","SP/P","SP/P",1783,0.56551316221551,31.4291469260026,2,1.13102632443102,0,31.4291469260026,1263.60289660274
"438","TF-TF -- SP/P","BM/S - SP/P",1,"PERMANENCIA","TF-TF","SP/P","SP/P",1783,0.56551316221551,31.4291469260026,1,0.56551316221551,0,31.4291469260026,315.900724150684
"439","TF-TF -- SP/P","EOTL/P - SP/P",63,"PERMANENCIA","TF-TF","SP/P","SP/P",1783,0.56551316221551,31.4291469260026,63,35.6273292195771,0,31.4291469260026,1253809.97415407
"440","TF-TF -- SP/P","EOTL/S - SP/P",53,"PERMANENCIA","TF-TF","SP/P","SP/P",1783,0.56551316221551,31.4291469260026,53,29.972197597422,0,31.4291469260026,887365.134139272
"441","TF-TF -- SP/S","VHL/P - SP/S",374,"PERMANENCIA","TF-TF","SP/S","SP/S",341,0.396807015554308,79.5160923640153,374,148.405823817311,0,79.5160923640153,139255368.60281
"442","TF-TF -- SP/S","SP/S - SP/S",1668789,"PERMANENCIA","TF-TF","SP/S","SP/S",341,0.396807015554308,79.5160923640153,1668789,662187.182679858,0,79.5160923640153,2772500285665136
"443","TF-TF -- SP/S","BM/P - SP/S",16,"PERMANENCIA","TF-TF","SP/S","SP/S",341,0.396807015554308,79.5160923640153,16,6.34891224886893,0,79.5160923640153,254864.125098797
"444","TF-TF -- SP/S","SC/P - SP/S",139,"PERMANENCIA","TF-TF","SP/S","SP/S",341,0.396807015554308,79.5160923640153,139,55.1561751620488,0,79.5160923640153,19235272.5040385
"445","TF-TF -- SP/S","BE/P - SP/S",73,"PERMANENCIA","TF-TF","SP/S","SP/S",341,0.396807015554308,79.5160923640153,73,28.9669121354645,0,79.5160923640153,5305355.16660738
"446","TF-TF -- SP/S","SSC/P - SP/S",3157,"PERMANENCIA","TF-TF","SP/S","SP/S",341,0.396807015554308,79.5160923640153,3157,1252.71974810495,0,79.5160923640153,9922426865.43672
"447","TF-TF -- SP/S","SC/S - SP/S",4,"PERMANENCIA","TF-TF","SP/S","SP/S",341,0.396807015554308,79.5160923640153,4,1.58722806221723,0,79.5160923640153,15929.0078186748
"448","TF-TF -- SP/S","EOTL/P - SP/S",11,"PERMANENCIA","TF-TF","SP/S","SP/S",341,0.396807015554308,79.5160923640153,11,4.36487717109739,0,79.5160923640153,120463.121628728
"449","TF-TF -- SP/S","SSC/S - SP/S",1552,"PERMANENCIA","TF-TF","SP/S","SP/S",341,0.396807015554308,79.5160923640153,1552,615.844488140286,0,79.5160923640153,2398016553.05458
"450","TF-TF -- SP/S","BM/S - SP/S",1,"PERMANENCIA","TF-TF","SP/S","SP/S",341,0.396807015554308,79.5160923640153,1,0.396807015554308,0,79.5160923640153,995.562988667176
"451","TF-TF -- SP/S","BCO/P - SP/S",26,"PERMANENCIA","TF-TF","SP/S","SP/S",341,0.396807015554308,79.5160923640153,26,10.316982404412,0,79.5160923640153,673000.580339011
"452","TF-TF -- SSC/P","VHL/P - SSC/P",384,"PERMANENCIA","TF-TF","SSC/P","SSC/P",834,1.11699972999803,15.1262040497349,384,428.927896319244,0,15.1262040497349,42094804.251942
"453","TF-TF -- SSC/P","BCO/P - SSC/P",4,"PERMANENCIA","TF-TF","SSC/P","SSC/P",834,1.11699972999803,15.1262040497349,4,4.46799891999212,0,15.1262040497349,4567.57858636524
"454","TF-TF -- SSC/P","SP/P - SSC/P",12725,"PERMANENCIA","TF-TF","SSC/P","SSC/P",834,1.11699972999803,15.1262040497349,12725,14213.8215642249,0,15.1262040497349,46225501083.363
"455","TF-TF -- SSC/P","SC/S - SSC/P",986,"PERMANENCIA","TF-TF","SSC/P","SSC/P",834,1.11699972999803,15.1262040497349,986,1101.36173377806,0,15.1262040497349,277536351.959371
"456","TF-TF -- SSC/P","SP/S - SSC/P",2978,"PERMANENCIA","TF-TF","SSC/P","SSC/P",834,1.11699972999803,15.1262040497349,2978,3326.42519593413,0,15.1262040497349,2531718600.74517
"457","TF-TF -- SSC/P","SSC/P - SSC/P",2748648,"PERMANENCIA","TF-TF","SSC/P","SSC/P",834,1.11699972999803,15.1262040497349,2748648,3070239.07385963,0,15.1262040497349,2156772305882129
"458","TF-TF -- SSC/P","SC/P - SSC/P",10760,"PERMANENCIA","TF-TF","SSC/P","SSC/P",834,1.11699972999803,15.1262040497349,10760,12018.9170947788,0,15.1262040497349,33051455408.7975
"459","TF-TF -- SSC/P","BE/S - SSC/P",36,"PERMANENCIA","TF-TF","SSC/P","SSC/P",834,1.11699972999803,15.1262040497349,36,40.2119902799291,0,15.1262040497349,369973.865495584
"460","TF-TF -- SSC/P","BE/P - SSC/P",291,"PERMANENCIA","TF-TF","SSC/P","SSC/P",834,1.11699972999803,15.1262040497349,291,325.046921429427,0,15.1262040497349,24174195.1419997
"461","TF-TF -- SSC/P","BM/S - SSC/P",66,"PERMANENCIA","TF-TF","SSC/P","SSC/P",834,1.11699972999803,15.1262040497349,66,73.72198217987,0,15.1262040497349,1243523.27013794
"462","TF-TF -- SSC/S","BCO/P - SSC/S",1,"PERMANENCIA","TF-TF","SSC/S","SSC/S",232,0.453906610332617,64.6911888359914,1,0.453906610332617,0,64.6911888359914,862.230298149362
"463","TF-TF -- SSC/S","BE/P - SSC/S",15,"PERMANENCIA","TF-TF","SSC/S","SSC/S",232,0.453906610332617,64.6911888359914,15,6.80859915498925,0,64.6911888359914,194001.817083606
"464","TF-TF -- SSC/S","SC/S - SSC/S",1582,"PERMANENCIA","TF-TF","SSC/S","SSC/S",232,0.453906610332617,64.6911888359914,1582,718.0802575462,0,64.6911888359914,2157924460.70556
"465","TF-TF -- SSC/S","BE/S - SSC/S",2817,"PERMANENCIA","TF-TF","SSC/S","SSC/S",232,0.453906610332617,64.6911888359914,2817,1278.65492130698,0,64.6911888359914,6842219046.43098
"466","TF-TF -- SSC/S","BM/S - SSC/S",64,"PERMANENCIA","TF-TF","SSC/S","SSC/S",232,0.453906610332617,64.6911888359914,64,29.0500230612875,0,64.6911888359914,3531695.30121979
"467","TF-TF -- SSC/S","SC/P - SSC/S",2635,"PERMANENCIA","TF-TF","SSC/S","SSC/S",232,0.453906610332617,64.6911888359914,2635,1196.04391822645,0,64.6911888359914,5986658961.86811
"468","TF-TF -- SSC/S","SP/P - SSC/S",1096,"PERMANENCIA","TF-TF","SSC/S","SSC/S",232,0.453906610332617,64.6911888359914,1096,497.481644924548,0,64.6911888359914,1035724829.82178
"469","TF-TF -- SSC/S","BM/P - SSC/S",68,"PERMANENCIA","TF-TF","SSC/S","SSC/S",232,0.453906610332617,64.6911888359914,68,30.865649502618,0,64.6911888359914,3986952.89864265
"470","TF-TF -- SSC/S","SP/S - SSC/S",1814,"PERMANENCIA","TF-TF","SSC/S","SSC/S",232,0.453906610332617,64.6911888359914,1814,823.386591143367,0,64.6911888359914,2837251570.1691
"471","TF-TF -- SSC/S","VHL/P - SSC/S",17,"PERMANENCIA","TF-TF","SSC/S","SSC/S",232,0.453906610332617,64.6911888359914,17,7.71641237565449,0,64.6911888359914,249184.556165166
"472","TF-TF -- SSC/S","SSC/S - SSC/S",839229,"PERMANENCIA","TF-TF","SSC/S","SSC/S",232,0.453906610332617,64.6911888359914,839229,380931.590682832,0,64.6911888359914,607273381258644
"473","TF-TF -- VHL/P","SC/S - VHL/P",599,"PERMANENCIA","TF-TF","VHL/P","VHL/P",155,0.874935625964048,49.8934970677772,599,524.086439952465,0,49.8934970677772,683744327.072336
"474","TF-TF -- VHL/P","MXL/P - VHL/P",885,"PERMANENCIA","TF-TF","VHL/P","VHL/P",155,0.874935625964048,49.8934970677772,885,774.318028978182,0,49.8934970677772,1492542246.45759
"475","TF-TF -- VHL/P","SP/P - VHL/P",15777,"PERMANENCIA","TF-TF","VHL/P","VHL/P",155,0.874935625964048,49.8934970677772,15777,13803.8593708348,0,49.8934970677772,474339118715.307
"476","TF-TF -- VHL/P","SSC/P - VHL/P",41,"PERMANENCIA","TF-TF","VHL/P","VHL/P",155,0.874935625964048,49.8934970677772,41,35.872360664526,0,49.8934970677772,3203375.16843208
"477","TF-TF -- VHL/P","MXL/S - VHL/P",66,"PERMANENCIA","TF-TF","VHL/P","VHL/P",155,0.874935625964048,49.8934970677772,66,57.7457513136272,0,49.8934970677772,8300953.1431827
"478","TF-TF -- VHL/P","SP/S - VHL/P",4,"PERMANENCIA","TF-TF","VHL/P","VHL/P",155,0.874935625964048,49.8934970677772,4,3.49974250385619,0,49.8934970677772,30490.1860172
"479","TF-TF -- VHL/P","SSC/S - VHL/P",82,"PERMANENCIA","TF-TF","VHL/P","VHL/P",155,0.874935625964048,49.8934970677772,82,71.7447213290519,0,49.8934970677772,12813500.6737283
"480","TF-TF -- VHL/P","SC/P - VHL/P",597,"PERMANENCIA","TF-TF","VHL/P","VHL/P",155,0.874935625964048,49.8934970677772,597,522.336568700537,0,49.8934970677772,679186044.262765
"481","TF-TF -- VHL/P","EOTL/P - VHL/P",56,"PERMANENCIA","TF-TF","VHL/P","VHL/P",155,0.874935625964048,49.8934970677772,56,48.9963950539867,0,49.8934970677772,5976076.4593712
"482","TF-TF -- VHL/P","VHL/P - VHL/P",1054809,"PERMANENCIA","TF-TF","VHL/P","VHL/P",155,0.874935625964048,49.8934970677772,1054809,922889.972687511,0,49.8934970677772,2120253284639983
"483","TF-TF -- VHL/S","SP/P - VHL/S",39,"PERMANENCIA","TF-TF","VHL/S","VHL/S",11,0.426358981513054,114.469026379636,39,16.6280002790091,0,114.469026379636,3622897.30869674
"484","TF-TF -- VHL/S","SC/P - VHL/S",1,"PERMANENCIA","TF-TF","VHL/S","VHL/S",11,0.426358981513054,114.469026379636,1,0.426358981513054,0,114.469026379636,2381.91802018195
"485","TF-TF -- VHL/S","SC/S - VHL/S",25,"PERMANENCIA","TF-TF","VHL/S","VHL/S",11,0.426358981513054,114.469026379636,25,10.6589745378264,0,114.469026379636,1488698.76261372
"486","TF-TF -- VHL/S","VHL/S - VHL/S",75029,"PERMANENCIA","TF-TF","VHL/S","VHL/S",11,0.426358981513054,114.469026379636,75029,31989.2880239429,0,114.469026379636,13408652210104.3
"487","TF-TFd -- BC",NA,NA,NA,NA,NA,"BC",2,NA,NA,NA,NA,0,NA,NA
"488","TF-TFd -- BCO/P","BCO/P - BCO/S",22957,"DEGRADACION","TF-TFd","BCO/P","BCO/P",292,0.09,0,22957,2066.13,0,0,0
"489","TF-TFd -- BCO/S",NA,NA,NA,NA,NA,"BCO/S",285,0.42,0,NA,NA,0,0,NA
"490","TF-TFd -- BE/P","BE/P - BE/S",5355,"DEGRADACION","TF-TFd","BE/P","BE/P",818,0.24,0,5355,1285.2,0,0,0
"491","TF-TFd -- BE/S",NA,NA,NA,NA,NA,"BE/S",319,0.32,0,NA,NA,0,0,NA
"492","TF-TFd -- BM/P","BM/P - BM/S",2982,"DEGRADACION","TF-TFd","BM/P","BM/P",67,0.26,0,2982,775.32,0,0,0
"493","TF-TFd -- BM/S",NA,NA,NA,NA,NA,"BM/S",31,-6.13,0,NA,NA,0,0,NA
"494","TF-TFd -- EOTL/P","EOTL/P - EOTL/S",253,"DEGRADACION","TF-TFd","EOTL/P","EOTL/P",2,NA,NA,253,NA,0,NA,NA
"495","TF-TFd -- EOTL/S",NA,NA,NA,NA,NA,"EOTL/S",11,NA,NA,NA,NA,0,NA,NA
"496","TF-TFd -- EOTnL/P",NA,NA,NA,NA,NA,"EOTnL/P",0,NA,NA,NA,NA,0,NA,NA
"497","TF-TFd -- MXL/P","MXL/P - MXL/S",18776,"DEGRADACION","TF-TFd","MXL/P","MXL/P",501,0.47,0,18776,8824.72,0,0,0
"498","TF-TFd -- MXL/S",NA,NA,NA,NA,NA,"MXL/S",51,1,0,NA,NA,0,0,NA
"499","TF-TFd -- MXnL/P",NA,NA,NA,NA,NA,"MXnL/P",90,NA,NA,NA,NA,0,NA,NA
"500","TF-TFd -- MXnL/S",NA,NA,NA,NA,NA,"MXnL/S",6,NA,NA,NA,NA,0,NA,NA
"501","TF-TFd -- P",NA,NA,NA,NA,NA,"P",195,NA,NA,NA,NA,0,NA,NA
"502","TF-TFd -- SC/P","SC/P - SC/S",33329,"DEGRADACION","TF-TFd","SC/P","SC/P",239,2.21,0,33329,73657.09,0,0,0
"503","TF-TFd -- SC/S",NA,NA,NA,NA,NA,"SC/S",114,2.21,0,NA,NA,0,0,NA
"504","TF-TFd -- SP/P","SP/P - SP/S",94863,"DEGRADACION","TF-TFd","SP/P","SP/P",577,1.94,0,94863,184034.22,0,0,0
"505","TF-TFd -- SP/S",NA,NA,NA,NA,NA,"SP/S",98,1.4,0,NA,NA,0,0,NA
"506","TF-TFd -- SSC/P","SSC/P - SSC/S",57830,"DEGRADACION","TF-TFd","SSC/P","SSC/P",169,2.21,0,57830,127804.3,0,0,0
"507","TF-TFd -- SSC/S",NA,NA,NA,NA,NA,"SSC/S",55,2.21,0,NA,NA,0,0,NA
"508","TF-TFd -- VHL/P","VHL/P - VHL/S",1771,"DEGRADACION","TF-TFd","VHL/P","VHL/P",43,1.58,0,1771,2798.18,0,0,0
"509","TF-TFd -- VHL/S",NA,NA,NA,NA,NA,"VHL/S",0,NA,NA,NA,NA,0,NA,NA
"510","TF-TFd -- VHnL/P",NA,NA,NA,NA,NA,"VHnL/P",6,NA,NA,NA,NA,0,NA,NA
"511","TFd-TF -- BC ",NA,NA,NA,NA,NA,"BC ",3,NA,NA,NA,NA,0,NA,NA
"512","TFd-TF -- BCO/P",NA,NA,NA,NA,NA,"BCO/P",1715,-0.62,0,NA,NA,0,0,NA
"513","TFd-TF -- BCO/S","BCO/S - BCO/P",11209,"RECUPERACION","TFd-TF","BCO/S","BCO/S",384,-0.96,0,11209,-10760.64,0,0,0
"514","TFd-TF -- BE/P",NA,NA,NA,NA,NA,"BE/P",1225,-0.68,0,NA,NA,0,0,NA
"515","TFd-TF -- BE/S","BE/S - BE/P",8299,"RECUPERACION","TFd-TF","BE/S","BE/S",488,-0.73,0,8299,-6058.27,0,0,0
"516","TFd-TF -- BM/P",NA,NA,NA,NA,NA,"BM/P",108,-0.55,0,NA,NA,0,0,NA
"517","TFd-TF -- BM/S","BM/S - BM/P",5121,"RECUPERACION","TFd-TF","BM/S","BM/S",31,-0.85,0,5121,-4352.85,0,0,0
"518","TFd-TF -- EOTL/P",NA,NA,NA,NA,NA,"EOTL/P",3,-0.09,0,NA,NA,0,0,NA
"519","TFd-TF -- EOTL/S",NA,NA,NA,NA,NA,"EOTL/S",11,-0.09,0,NA,NA,0,0,NA
"520","TFd-TF -- EOTnL/P",NA,NA,NA,NA,NA,"EOTnL/P",0,NA,NA,NA,NA,0,NA,NA
"521","TFd-TF -- MXL/P",NA,NA,NA,NA,NA,"MXL/P",258,-0.15,0,NA,NA,0,0,NA
"522","TFd-TF -- MXL/S","MXL/S - MXL/P",246974,"RECUPERACION","TFd-TF","MXL/S","MXL/S",30,-0.32,0,246974,-79031.68,0,0,0
"523","TFd-TF -- MXnL/P",NA,NA,NA,NA,NA,"MXnL/P",41,-0.13,0,NA,NA,0,0,NA
"524","TFd-TF -- MXnL/S",NA,NA,NA,NA,NA,"MXnL/S",4,-0.13,0,NA,NA,0,0,NA
"525","TFd-TF -- P",NA,NA,NA,NA,NA,"P",113,-0.3511,0,NA,NA,0,0,NA
"526","TFd-TF -- SC/P",NA,NA,NA,NA,NA,"SC/P",326,-0.81,0,NA,NA,0,0,NA
"527","TFd-TF -- SC/S","SC/S - SC/P",76451,"RECUPERACION","TFd-TF","SC/S","SC/S",198,-0.68,0,76451,-51986.68,0,0,0
"528","TFd-TF -- SP/P",NA,NA,NA,NA,NA,"SP/P",605,-1.21,0,NA,NA,0,0,NA
"529","TFd-TF -- SP/S","SP/S - SP/P",329159,"RECUPERACION","TFd-TF","SP/S","SP/S",72,-1.64,0,329159,-539820.76,0,0,0
"530","TFd-TF -- SSC/P",NA,NA,NA,NA,NA,"SSC/P",365,-1.76,0,NA,NA,0,0,NA
"531","TFd-TF -- SSC/S","SSC/S - SSC/P",470194,"RECUPERACION","TFd-TF","SSC/S","SSC/S",78,-1.18,0,470194,-554828.92,0,0,0
"532","TFd-TF -- VHL/P",NA,NA,NA,NA,NA,"VHL/P",43,-0.12,0,NA,NA,0,0,NA
"533","TFd-TF -- VHL/S","VHL/S - VHL/P",163,"RECUPERACION","TFd-TF","VHL/S","VHL/S",5,-0.12,0,163,-19.56,0,0,0
"534","TFd-TF -- VHnL/P",NA,NA,NA,NA,NA,"VHnL/P",2,-0.17,0,NA,NA,0,0,NA
